CREATE DATABASE  IF NOT EXISTS `lms` /*!40100 DEFAULT CHARACTER SET utf8mb4 COLLATE utf8mb4_unicode_ci */ /*!80016 DEFAULT ENCRYPTION='N' */;
USE `lms`;
-- MySQL dump 10.13  Distrib 8.0.29, for Linux (x86_64)
--
-- Host: localhost    Database: lms
-- ------------------------------------------------------
-- Server version	8.0.29-0ubuntu0.20.04.3

/*!40101 SET @OLD_CHARACTER_SET_CLIENT=@@CHARACTER_SET_CLIENT */;
/*!40101 SET @OLD_CHARACTER_SET_RESULTS=@@CHARACTER_SET_RESULTS */;
/*!40101 SET @OLD_COLLATION_CONNECTION=@@COLLATION_CONNECTION */;
/*!50503 SET NAMES utf8 */;
/*!40103 SET @OLD_TIME_ZONE=@@TIME_ZONE */;
/*!40103 SET TIME_ZONE='+00:00' */;
/*!40014 SET @OLD_UNIQUE_CHECKS=@@UNIQUE_CHECKS, UNIQUE_CHECKS=0 */;
/*!40014 SET @OLD_FOREIGN_KEY_CHECKS=@@FOREIGN_KEY_CHECKS, FOREIGN_KEY_CHECKS=0 */;
/*!40101 SET @OLD_SQL_MODE=@@SQL_MODE, SQL_MODE='NO_AUTO_VALUE_ON_ZERO' */;
/*!40111 SET @OLD_SQL_NOTES=@@SQL_NOTES, SQL_NOTES=0 */;

--
-- Table structure for table `group`
--

DROP TABLE IF EXISTS `group`;
/*!40101 SET @saved_cs_client     = @@character_set_client */;
/*!50503 SET character_set_client = utf8mb4 */;
CREATE TABLE `group` (
  `id` bigint unsigned NOT NULL AUTO_INCREMENT,
  `name` varchar(255) DEFAULT NULL,
  UNIQUE KEY `id` (`id`),
  UNIQUE KEY `name` (`name`),
  KEY `IX_group_name` (`name`)
) ENGINE=InnoDB AUTO_INCREMENT=9 DEFAULT CHARSET=utf8mb4 COLLATE=utf8mb4_unicode_ci;
/*!40101 SET character_set_client = @saved_cs_client */;

--
-- Dumping data for table `group`
--

LOCK TABLES `group` WRITE;
/*!40000 ALTER TABLE `group` DISABLE KEYS */;
INSERT INTO `group` VALUES (3,'Beginners group'),(1,'Default group'),(2,'First month group');
/*!40000 ALTER TABLE `group` ENABLE KEYS */;
UNLOCK TABLES;

--
-- Table structure for table `student`
--

DROP TABLE IF EXISTS `student`;
/*!40101 SET @saved_cs_client     = @@character_set_client */;
/*!50503 SET character_set_client = utf8mb4 */;
CREATE TABLE `student` (
  `id` bigint unsigned NOT NULL AUTO_INCREMENT,
  `login` varchar(255) DEFAULT NULL,
  `first_name` varchar(255) DEFAULT NULL,
  `last_name` varchar(255) DEFAULT NULL,
  `group_id` bigint unsigned DEFAULT NULL,
  `checked` tinyint(1) DEFAULT '0',
  UNIQUE KEY `id` (`id`),
  UNIQUE KEY `login` (`login`),
  KEY `FK_student_group_id` (`group_id`),
  KEY `IX_student_name` (`first_name`,`last_name`),
  KEY `IX_student_login` (`first_name`,`last_name`),
  CONSTRAINT `FK_student_group_id` FOREIGN KEY (`group_id`) REFERENCES `group` (`id`)
) ENGINE=InnoDB AUTO_INCREMENT=201 DEFAULT CHARSET=utf8mb4 COLLATE=utf8mb4_unicode_ci;
/*!40101 SET character_set_client = @saved_cs_client */;

--
-- Dumping data for table `student`
--

LOCK TABLES `student` WRITE;
/*!40000 ALTER TABLE `student` DISABLE KEYS */;
INSERT INTO `student` VALUES (1,'wauqri','hzjpbs','fltgpx',1,0),(2,'zrpdnw','olrzgn','almqsu',1,1),(3,'hjxwtc','fdnycz','pejgfz',2,0),(4,'cfgwkm','vbtwnd','ejgxhp',1,0),(5,'uotqzi','eqomky','ydfptz',2,0),(6,'jrhfbg','djfirg','gvzyel',2,0),(7,'mxwtgf','rcfbau','mpyeoa',2,1),(8,'gwaijn','mlspqa','bgrlpi',2,0),(9,'nsugwj','mcaepk','zbsaqk',3,1),(10,'wasqyn','qftwho','bfqrhv',2,0),(11,'yokxaq','fpgyzr','mazguo',2,1),(12,'dticje','atnpie','nxqftd',3,1),(13,'ndvtqj','jrygsv','xczveo',2,1),(14,'xkcrqi','zutiox','tbcoxy',2,1),(15,'cbyexr','sgijba','wgtpxm',3,0),(16,'nlhurg','augncw','wcsrzj',3,1),(17,'lfpkiq','tbqsix','rlsayb',1,1),(18,'djvgkp','ydisxt','btqsic',1,1),(19,'tvqfwj','eyqfsu','qxragw',3,1),(20,'vercgd','nrfpio','vbsmea',2,0),(21,'ylmjao','afxwec','nqcryg',2,1),(22,'rocsvb','ksnmlz','rneify',1,1),(23,'fktogv','yovxsk','tlxydh',2,1),(24,'jxigwk','mfrzjo','jszdek',3,0),(25,'ytrvpu','mzqufn','gokjdw',3,1),(26,'kdbfgl','sipubg','tgflhe',2,1),(27,'rpflty','ljgxei','budlpn',3,1),(28,'nocryw','cnhqvf','ynswrz',1,1),(29,'muqodj','nsdpgt','kvubnj',2,0),(30,'vodghf','qvcbji','hfecwy',2,1),(31,'cbpjut','wrodha','kyrgpw',1,0),(32,'vujcqw','ojsvwb','nbwmqj',1,0),(33,'nirsgk','cvtylp','bmtncx',1,1),(34,'slezan','csxowq','wacnge',2,0),(35,'cxjoea','rlfqgz','qjirty',3,0),(36,'hodpnw','juaovl','erapin',1,0),(37,'ijkfdy','dkvlej','ukatno',2,0),(38,'vecpqy','cropdn','npsftu',2,0),(39,'alsugx','cjqwxl','aojlsh',2,1),(40,'ortqnc','jakwgi','mltzdy',3,0),(41,'motirw','hjmlqs','mjdbaf',3,0),(42,'vnqpus','eortap','jtaueq',1,0),(43,'ftlyqe','xipdka','unbcej',3,1),(44,'mjkodq','tuzyqn','afdixv',1,0),(45,'azoifd','fwdnta','gpfoui',2,1),(46,'eklsty','zgwdtf','bfvxam',1,1),(47,'dlbnru','megqnj','sncfkt',1,0),(48,'ckedjt','lbdijq','jafvne',3,1),(49,'rjuwhe','aysmei','olvhxz',3,0),(50,'gshbld','bjswfd','qnbesp',1,1),(51,'goukpn','iuyhfp','ripzyt',2,1),(52,'skedxp','haqgtw','ghxzoq',1,0),(53,'ocqphk','ksdato','lnmasd',3,0),(54,'glpnak','jkhosq','wmanzu',1,1),(55,'amuesp','fjphuq','wfsmxb',3,1),(56,'jufcon','hdyqfl','funxpa',1,0),(57,'uvtiep','rndgsc','mrfplb',1,1),(58,'lkchar','kderty','yigsxj',1,0),(59,'tgjnim','oxdwjq','gxhwis',2,0),(60,'rsgtbm','lyuhed','dukian',1,0),(61,'hbfydj','qxmciz','urvmhf',1,0),(62,'kcbnsx','yjphck','ubwsga',3,0),(63,'hxurkb','rqtuhb','vwmuhc',2,1),(64,'ymwvjo','tfkavi','atbgho',2,0),(65,'ogifev','csleat','aovxbw',3,1),(66,'nkmrhz','oasgyz','nmadwz',1,1),(67,'ytvopq','fyolcq','ybsamr',3,0),(68,'zwrmxc','xktsei','dhubjv',3,0),(69,'yimuxj','rafksi','bhafux',1,1),(70,'gmqavx','xyuqtl','ydelqn',3,1),(71,'vdjmty','xzmjlh','muwyfe',2,1),(72,'srtnoh','ybwxdm','aqoixg',1,0),(73,'fkbduo','vbocua','xvzqpk',2,0),(74,'gjevdz','qfeakh','rbcxpv',2,0),(75,'jbhrcn','ghqncm','utdwov',3,0),(76,'mlvewg','fkwgrc','udeikq',2,1),(77,'trcgsk','iljyph','lefnom',1,1),(78,'sctuym','jyucaf','qncyzf',1,0),(79,'hyxbji','ngcrbu','pubxya',2,1),(80,'dphlcg','suacdz','bolwtn',2,0),(81,'rcguht','lgctav','xqfcea',3,0),(82,'skizfo','tdaxwz','fbtove',3,1),(83,'khxocm','erbvws','twkgro',3,0),(84,'nuhatl','jxvade','xpibkj',3,0),(85,'chsfru','wouekt','uisjqd',3,0),(86,'yhdsfm','ykvumc','qkfcpx',3,1),(87,'txshrd','vcuagb','sibavt',2,0),(88,'sovkiz','mbzrkj','vtyhnp',3,1),(89,'mvcaoy','xmchbs','xwgbyu',2,1),(90,'ohcuzn','grtzmx','cighpa',3,0),(91,'vuiesj','qjrnaz','lakdfs',1,0),(92,'waxgjs','gvxtby','kxqyad',3,0),(93,'dgzoqi','qedsgf','vneqay',1,0),(94,'isfumg','gbndjx','zbxnap',3,0),(95,'ijeubk','hmaeti','pzaubi',2,0),(96,'wenbkj','usvrkf','lqjdgx',2,0),(97,'qmpljn','ozstvb','fkbzut',3,1),(98,'kglcqh','vsagfd','qwyxfz',1,1),(99,'tkrfdn','dknify','ukitnv',3,0),(100,'regpvd','ldrxan','timjna',2,0),(101,'vermib','pfqsie','hnvpoy',3,0),(102,'ofzcrl','xpojuy','uvebar',2,0),(103,'csilug','mfdznl','wqrngs',1,1),(104,'nifvlo','vmyxub','kwqvjb',2,1),(105,'hmcpis','xryonh','yjeiwb',1,1),(106,'zfjkqb','rtwabj','hvqmka',1,0),(107,'vuecsl','gojctm','jchwdq',3,1),(108,'kmuoen','bxsyaf','ohqijp',1,1),(109,'tgoyvu','uvxjyi','urseyi',2,1),(110,'eobthl','kcdbyt','akucqi',2,1),(111,'hrqfvt','mktvug','yelfts',1,1),(112,'jmyotx','hmfbxk','bxaflk',1,1),(113,'idcaxl','rvjwpc','synmag',1,0),(114,'ylwqpf','ekptrd','wikczo',2,0),(115,'emgscz','kpgjlb','rlqdtj',3,0),(116,'hxdogk','gstbkr','uvjlmw',1,1),(117,'ewhouj','aultxz','xpzwhl',1,0),(118,'lfaegx','nwgozx','fnpmik',2,0),(119,'hebcup','xlzakp','vkytaq',2,0),(120,'hvfitl','tcykgf','argodp',3,0),(121,'ypladz','fdnycp','xotmkr',2,1),(122,'mwnqso','vnlrzh','jiftpc',2,1),(123,'sdplin','aeczuk','pqolbt',1,0),(124,'ogbxnz','awmnuv','fqbdow',1,1),(125,'aghlqp','czkmte','okdsgp',2,0),(126,'tbdfwr','nwemvo','obtysz',3,0),(127,'knvihg','lzftnp','qbgmyh',3,1),(128,'twynuq','grcdyv','btrzhu',2,0),(129,'otkpxs','ydrmkj','kcibxa',1,0),(130,'lwbdmp','rokmja','ekjblg',3,0),(131,'axsgyv','qpugrz','aulxrb',3,1),(132,'twlzkh','chjafe','baypdc',2,1),(133,'wqjxut','arcvyw','gptfsc',2,1),(134,'sdigza','hwefpd','zitceg',1,0),(135,'ahoucb','kqnoet','cugwte',1,1),(136,'ufcdrg','bgitcj','qcfeth',3,1),(137,'qegsxt','hjtmfo','fmragd',2,1),(138,'xmkbse','znlihk','vynpxz',2,1),(139,'qlnsxp','tdmzla','fnqkso',1,0),(140,'tzpqfc','edlznj','gxavbw',3,1),(141,'aontqr','nclvwd','ivgwsy',3,1),(142,'fbclkj','kajlvc','gsyuoi',3,1),(143,'qklrav','wxfubg','ahkprw',3,0),(144,'fpkqiz','pqwmvz','yuklib',1,1),(145,'wdxkgl','odwkmv','glnupm',3,1),(146,'ipxueg','lrpxbq','qrupyf',2,0),(147,'pweuin','pxrfvj','qjodat',1,1),(148,'mknypu','crfgoi','ocisrd',1,0),(149,'gtxrse','hketgf','kesztg',3,1),(150,'oqpezl','aepuoi','amlirt',2,0),(151,'ibukcr','sfabug','vzfuah',2,1),(152,'iuhpft','zgvmae','ceqyjk',3,1),(153,'iukxjy','edzhva','opbziu',2,1),(154,'sxnvrh','gncbum','jrgfwc',1,1),(155,'ciqjog','weabfy','lrbgqo',2,1),(156,'gxmhsn','jkipwb','iuylfz',3,0),(157,'sjaenh','xhjwot','ydkmrj',1,0),(158,'chbuli','tflyme','iqseyk',1,0),(159,'usvdcj','oquwtb','ftpbei',2,1),(160,'gsuibj','ikcxbd','duaryp',3,1),(161,'ekbufo','kflath','fxudmj',1,0),(162,'cqjhyw','uaefjd','efibpd',1,1),(163,'srhzyu','xwleir','onprau',2,0),(164,'qoefcw','cnwylx','eahlpz',3,0),(165,'vbajzl','alebqx','vplwzb',1,1),(166,'xwahnr','wdkgnq','fkqrmb',3,1),(167,'wpmlvn','tbkogs','xfjspg',1,0),(168,'pbyjhe','zsvwmd','frldmg',3,1),(169,'oenbdi','ljhqnb','dmxjtz',2,1),(170,'miqczn','iropev','dphgkm',1,1),(171,'esokdx','chtbyr','gvujli',1,0),(172,'hcqout','vmbkpi','oncftl',1,0),(173,'ryevmd','ikabmo','honswl',2,1),(174,'nuvdmi','jsptcv','mbyxke',3,0),(175,'srmkhe','hjcewa','urklsn',3,1),(176,'lujimf','xarhly','whukzx',1,0),(177,'poirul','yzekpm','dalvyt',3,0),(178,'lboyte','ucvgne','ubiovq',1,0),(179,'lcubkg','axtolp','fdyhim',1,0),(180,'cotwav','xcsjbd','difwlx',2,0),(181,'exjcrp','uqxgjk','ubzskq',2,0),(182,'qoztwy','pbksuh','mxoegj',2,1),(183,'litkyf','rhkmte','mnhxwj',2,1),(184,'vyzofw','uzgwtm','likcda',3,1),(185,'omcgsa','vwjoag','gkrvfp',1,1),(186,'kjxuqv','sntrxl','zhfabt',1,0),(187,'oifjqh','snjyxb','hfplao',3,1),(188,'dbxtup','hmzsaj','lxevag',1,0),(189,'xkbcoy','svxdqu','usiztw',2,1),(190,'jxstvp','kvwiab','hzniyk',1,0),(191,'nzxdvt','opfxgh','lhkpvi',2,0),(192,'yprhml','hklzso','pnqjkt',2,0),(193,'jihzpu','pficmh','gwiftz',1,1),(194,'ymapdw','xntwdj','boetdn',3,0),(195,'euhiyd','ychlzu','jmklep',2,1),(196,'cgmhue','gibzyt','xoqkdr',1,1),(197,'oirwnq','hagove','ublocs',2,1),(198,'mlxbid','dfnqow','txybiu',1,1),(199,'bwrtgs','vcfmns','cfnutz',1,0),(200,'vgrnlb','pbqgwi','azvpir',1,0);
/*!40000 ALTER TABLE `student` ENABLE KEYS */;
UNLOCK TABLES;

--
-- Table structure for table `user`
--

DROP TABLE IF EXISTS `user`;
/*!40101 SET @saved_cs_client     = @@character_set_client */;
/*!50503 SET character_set_client = utf8mb4 */;
CREATE TABLE `user` (
  `id` bigint unsigned NOT NULL AUTO_INCREMENT,
  `login` varchar(255) DEFAULT NULL,
  `hash` varchar(255) DEFAULT NULL,
  `salt` varchar(255) DEFAULT NULL,
  `token` varchar(255) DEFAULT '',
  UNIQUE KEY `id` (`id`),
  UNIQUE KEY `login` (`login`),
  KEY `IX_user_login` (`login`),
  KEY `IX_user_token` (`token`)
) ENGINE=InnoDB AUTO_INCREMENT=1602 DEFAULT CHARSET=utf8mb4 COLLATE=utf8mb4_unicode_ci;
/*!40101 SET character_set_client = @saved_cs_client */;

--
-- Dumping data for table `user`
--

LOCK TABLES `user` WRITE;
/*!40000 ALTER TABLE `user` DISABLE KEYS */;
INSERT INTO `user` VALUES (1,'gklean','9ece1f20b951e4bc6efa2d75b7a344b9','1209035199629244bf84c4a9.85673939',''),(2,'bjtdmw','6c46065447a8dd79e40ee43cae193ee3','19379496606292476a90b4d9.36342078',''),(3,'ybafgh','6541c08d87a3b036e765926f9fda53df','18979953276292476a918c24.53375760',''),(4,'gkdjxu','eb44274d72c452fff7b31d1400e6cc64','13079158286292476a9252f1.63784887',''),(5,'ksafwp','8bcaeb45f27bded873238feb74b4eb94','2692260616292476a92ea54.88831122',''),(6,'adqkfu','279d79850bf7527e80803aaac7e8c4c5','9648554586292476a938b44.26704027',''),(7,'hedinb','27a57c34e82a1e74ccad693a48fbe626','11605748106292476a940018.61252431',''),(8,'sxemai','7faff9584180a4965d581f58fe1e41cb','7872821896292476a94a566.42590768',''),(9,'fkjzqn','cbdf55b1c718121adc6dbe820e89ac6d','15884203266292476a952238.28432314',''),(10,'bratnm','e398334cc76ca6451feafe4a87d89047','1018378526292476a95d9d9.18010856',''),(11,'tiklgf','fef9343861555dc410fcc1c16b435663','6211214336292476a96aa93.63003617',''),(12,'cfptmj','3bb6dd7d8c192da9a2e6d1d58714ecc2','7211710116292476a9715a0.74870434',''),(13,'acmlhj','3f890e421474f3986c924b0ffb7acd4c','5647596296292476a97abd6.59003400',''),(14,'nbpicg','b8725959bedd305ba470d9fcb3bf33e4','14489142476292476a980e11.69313209',''),(15,'kpqdza','010580e4984b483c32075c8272355d1d','13225976206292476a989e64.83929882',''),(16,'vehanf','4e1078f9dabea8c414872e7f5d0e8e9e','299505696292476a994945.22846567',''),(17,'igrsvl','60586a59958c269cf4fb1b098c498a26','7144335416292476a99e230.65364776',''),(18,'tedwgx','405660c257d4ea2e871816679e5a477e','7247783186292476a9a8600.49558538',''),(19,'qcvtex','ac35c6e0f95b44edd3e0d8c386c208c1','5001987356292476a9af294.78034170',''),(20,'wrscbm','ea7307ac9eb63864ba9351a5cf077bee','2154860956292476a9bb5f9.54561824',''),(21,'jlqnpu','8b926184b9d62f04a0b5aa1a02b1c277','17265341276292476a9c4d61.89188753',''),(22,'ofulqc','d65aa0badf839d130a62c787faa77325','18657744746292476a9cbc91.12844068',''),(23,'tnwqyo','1229d0db95c64fa7ade17d34b12b0d26','13111279496292476a9d48a6.92305456',''),(24,'pswljk','f30ddcb6f4efcbedb0109f8451411000','7681327286292476a9dc600.95019476',''),(25,'zsxipe','dc942ce16908c74734eaaebf52bdabff','18317677456292476a9e53e1.83532380',''),(26,'fvulrk','b781d68fa6b7162b1cf47724a347ab18','15063490136292476a9eb980.49351064',''),(27,'dqocel','cc2b6d7ddf9149753900e6c354da3d72','613376866292476a9f4494.05188230',''),(28,'jefawv','bf7a15dba19a4d28c1fe4c30cfb8dcb0','2867854106292476a9fbdb7.99971321',''),(29,'uhqiok','b79a02e2506fc11223148b09c1398272','2505479786292476aa04b31.85263524',''),(30,'gibofq','ca040b1a196d65778eba9a0d6ab33292','12358853216292476aa0c1a0.10963069',''),(31,'guqlhc','7b5834b75c2b95b28f00a1b01dc72885','15659026896292476aa19420.77479122',''),(32,'tpzcbf','53c188d6936c7555ea180dc727b2817e','4562451216292476aa21cb0.72469924',''),(33,'mscthn','98a0fdd8c9287665f3ca566ed44bc6c0','18952709136292476aa29f78.83048786',''),(34,'ovlswx','4cee025a0ac0749540aec8ca541b0994','8313449276292476aa32579.85287669',''),(35,'ejmnfl','e1ba2fbbb92fdf0ab27960f51a658d84','13259263446292476aa3a7b0.31340505',''),(36,'ldoeta','24a66b7548666cc1ba81f6cf8cb92456','8462243366292476aa443f8.41690964',''),(37,'mdfwrt','f73e7ea3448f8550692c319311248267','15823376206292476aa4b3a0.00260700',''),(38,'pfkczv','b642656f7739fc9536e969799be5598f','230319366292476aa53e65.00416363',''),(39,'ijkgcz','0b007ddaf00db9fcab46162e3f474074','8470491376292476aa5b780.45891989',''),(40,'okgdbj','355fd9ec0e8b947bf05f4c6d33a7e598','13207520166292476aa64550.18599067',''),(41,'ywmzls','c07e955b0d9359108bc7af7fdb8cb699','9501726526292476aa6af00.34146899',''),(42,'fxljts','62256c557f8fe8c14d8b5517f7651841','16182674536292476aa74062.82282708',''),(43,'ibulfm','6738fce3d757f724217afea56c5a2e51','6276270926292476aa7b2a0.07364071',''),(44,'lksfza','728584a604753608cbc9c5e746ba7b93','11269345376292476aa85318.00645888',''),(45,'pzlfkn','8e0761f48697d0f8f28ac7431a863910','15029203576292476aa8c0b9.67980679',''),(46,'zicloh','20eb278f6c4c4eadd44fda63c8ba0c97','1078189246292476aa94f18.43430422',''),(47,'cuxksf','f2332d8a656385dab697a6ce3ac20baf','7848124436292476aa9faa3.23398104',''),(48,'yjwams','9ede3102bc207dbdb555985a998a2573','7420501566292476aaa8aa7.38494336',''),(49,'qabdmk','a31ded26f040926602b7d8d17019b7b4','19980204226292476aab1904.32761811',''),(50,'apgoiv','1d31ee00a898b157d3d3f47f1520082d','9556184996292476aab9659.84072132',''),(51,'dqomuf','ef6ae45fdd1fb49425d1cf009149ca98','15861007376292476aac27d0.71027477',''),(52,'auzqjf','1bebc14141657c7e9838b2d64450288c','20824743086292476aac9048.11610608',''),(53,'wvjdkn','bcf3bbdb052096ed217183d14db8adec','20379558986292476aad1279.95037950',''),(54,'qaerxj','a49dae9b22b8922c84283abfff479a5f','7017681336292476aad6f65.94192985',''),(55,'glpmxr','66a8cc8586cf13d73a98a17d2c8468da','9425130736292476aae00b7.06598974',''),(56,'qemhcl','e03841309381dd8b183be479a1398bad','2591213676292476aae6856.74867013',''),(57,'wxasdm','046daf7fc8fd68b3bbee67707717f570','10940353536292476aaef622.57130657',''),(58,'esxkqd','b0b44cb61d80be02f46487183693e351','2767123946292476aaf57e9.02273139',''),(59,'zjqevh','8771bc225124bafb52475152ea5e6a32','8372898456292476aafe255.26009996',''),(60,'fekpoc','2a257fa4b32acf344d0ddb5a0823a0eb','14252218816292476ab05b73.33020833',''),(61,'dyczxg','e812c5e9c59d85bbe56771e076783306','14544913226292476ab0e4e0.64010311',''),(62,'vpdlzk','46e286c5fa653182af9677617b9a88a0','4202652506292476ab18c86.33006819',''),(63,'jabcgi','6c1843d7f1e0d17dd16443dcb7964178','14254819576292476ab216f7.45843193',''),(64,'zrejgm','3aea25fad4576674dd8dd858bcf85937','19826153486292476ab28dd4.93532513',''),(65,'ersniq','251712d83a04325c45e48288c4014ca9','9899112856292476ab317f2.19916940',''),(66,'tixrsl','2c0c23650be5bd797f9694f861febde1','14304508806292476ab397b9.17412175',''),(67,'mnvqac','d3e1b4cec5093a3ad157c4608359ab32','8930035816292476ab422b1.80514920',''),(68,'gvqzbj','51931bc5cd936329fec400991aade08b','15594019436292476ab4cb36.36700992',''),(69,'nwqxmg','a56a4a34a3a3509aaded3e2735de2204','14302404196292476ab533c2.23589295',''),(70,'pclaen','f5d83f0fa5aaf06d6e3691c8c66d1432','5202914286292476ab5bfe1.89154089',''),(71,'oizmgx','e48572f282ec0dc1c8f87cd03c7318e3','8687331226292476ab635b8.07059670',''),(72,'kfuxjl','11ebe8456c3acda5f58b916110b8ee71','3071473966292476ab6cd54.10107231',''),(73,'ordxsf','25f804a10c2c6864150b85a7c67ff341','1494025196292476ab73854.68276526',''),(74,'zlpswt','d49d0ed41e5ba922a4b4ebd28358b284','3166375736292476ab7c0d5.72708486',''),(75,'gwsumr','2f4c2d7acfe00be7166c5994e6af03d0','19377737796292476ab84308.01372036',''),(76,'iaxdzn','f117b5351ad68bb578c29f210dcdb686','14617144666292476ab8d353.07688499',''),(77,'qmtnok','b2a96ae8aab23a0dfdc8c56a72bfef31','16551305756292476ab98387.21424657',''),(78,'quysbd','b6aded6c0785c5072e04f56733ec8844','145858006292476aba0c74.61470225',''),(79,'ljxhcr','ba5823c300a0b866e0c51e3841e77bc4','17974113436292476abaae62.93835156',''),(80,'vetlny','f0b7fbd7ffd914b0e5ca5e96fa0dd44f','3717582556292476abb18c2.93692454',''),(81,'hwpsgo','cf5fa20ec3d6242c9ea03e1ef9b99f1b','19222488676292476abba895.30737529',''),(82,'vuxedo','d2a40c67217a63caad5a8fa8f6251d5d','17021715446292476abc0de6.19477285',''),(83,'xsakog','82d0f761a8b346ff7a29251d892f0a34','13103435206292476abc9932.92719979',''),(84,'zsbgod','6c80c5d1432214d9803043c395ac0d6f','7293497486292476abd1953.83913195',''),(85,'fgavjl','0d0076d91fc8d6a3441e56b98db7dc83','12300923676292476abda947.83686941',''),(86,'utfloa','794d69177af3dcd549c0e94e1d194af4','3624405906292476abe0e08.20588643',''),(87,'zqdfvp','661edd1a3eb46a68f3a258d3c18a4c2d','18277033876292476abe9c95.85034842',''),(88,'cyauog','a5403ba771fcbd7b198b317904c722f9','14238748596292476abf2433.68650921',''),(89,'zyckfq','7b3bc13b404194f67fdf2565b060a4bc','16203071496292476abfcdb2.07322633',''),(90,'bcwamz','d9ebce55d34bcf4b77b1b3d0e8342b93','12839589296292476ac055a5.27220593',''),(91,'biweka','49f938924f9784c6ef5d2411471bbdb4','17640887526292476ac0fdf8.85453610',''),(92,'lfjkny','18691bba00414e130fdc3d3393967fad','5347042786292476ac190a1.11428996',''),(93,'zbfaul','55e4b65284d14c5d97e279e0b637af50','431173586292476ac1fbc2.52263303',''),(94,'zgrdsk','df2e7483313823c6ffcb91615d17a6d5','7701222556292476ac28ae9.45158183',''),(95,'zyijcx','1806ff47ad79fd771d36c71e421b71d4','3349762526292476ac30332.33649204',''),(96,'mfvwta','bf7d8d716ce07a8297c643fe350e60ab','20941253316292476ac39114.78905639',''),(97,'aigmwj','c4ec717a77e1645af1da1f909e679bc9','6523173356292476ac3f5a5.78817603',''),(98,'hlaksx','bca8f35e899b2e5b5812020e30ddeff0','12652002436292476ac48426.48589626',''),(99,'euzdxt','49c2b725f71dc2d9fb6eea35f3bf55fa','12717659906292476ac4ed33.88017245',''),(100,'ueahsw','5d9faf4b91d078064aab3c6d251c606e','11020726116292476ac578f6.08173720',''),(101,'ovzwce','42c89e3c862ad935b1155a4d808459ea','11517124066292476ac5f697.82738183',''),(102,'hbjcwf','0c0250f089c4a90bd816c5781a55edac','20022789626292477c84e190.55976300',''),(103,'mrsebv','79ae595069b2dbb33b9ef10dc9fbd346','3679757376292477c860af2.62561304',''),(104,'ftiylh','4b305e391f87e72c29d6327915049762','15389767076292477c86abc8.49082326',''),(105,'whusyo','7bbbcc500669c142a048451cf457dc2b','12421757326292477c8744d7.10743800',''),(106,'nxoefb','511dea577a2650a03c6059e1ae524426','16062684516292477c87dc75.65527804',''),(107,'tdiboa','b3be606fc4a3bad5dafa51aa8807e336','4176892606292477c885098.25567108',''),(108,'lvwtkc','35f8e63ac1d54cb2c38006c8a3888e35','15913004696292477c88e9d6.44119367',''),(109,'lxebsy','8df97537232995782931c1d39c21db5d','20127813786292477c896216.64720422',''),(110,'guvhzl','2a2efcac324e02ac041bbe745caea508','2022332356292477c8a0861.33360137',''),(111,'gjrwfx','302662ea90db47ef4083403e8187d269','20736099646292477c8a8119.35136928',''),(112,'cdexsw','06693d7533438d1ae9355695dfa46e2e','8928951796292477c8b23c0.63868579',''),(113,'lfpdes','ec8010f4e52dc97e83a6d7e4d3732145','13706842756292477c8c0754.40797442',''),(114,'pfrkel','47a58a39784f56c2e3b6cc9679b5f976','3854469246292477c8ca1d7.91879821',''),(115,'txnwvz','7dd75ce2c2d3df1678229615e3685bb6','15382751746292477c8d3ea6.65481116',''),(116,'ihfovz','17d42ae090e59e51ac1ea2c9f5ae9c52','2876628836292477c8dec81.13400507',''),(117,'ijvecp','390db847583238f14cc09fe942000b7c','19002451966292477c8e67a9.63333414',''),(118,'mcbdvx','687e41e9289c70bb96e2a195b8c7903c','16669831616292477c8f1a14.33419296',''),(119,'nxyekf','3e4c97a095bc6ed66e56a831d28b37d7','1778641846292477c8fc056.11149662',''),(120,'tzefpw','a8f003a074d58d99d0706fb447218bb3','2655776926292477c903f86.78511822',''),(121,'nhaxwf','b51e0d15f9f17e2205979fbdd28c022f','1243960696292477c90ed13.47056458',''),(122,'wsuzrf','a8b205ef8ffec1f06ad21fb43d767866','15394871336292477c91a4a0.62130932',''),(123,'ufeawo','bb589060ca1f4b0111b3c327c869eb74','13979694996292477c92aa70.48070133',''),(124,'ewmdyu','ab62025ac56b049622ef7a34e0369dac','15875837656292477c934580.30622925',''),(125,'iuehbs','bfddf07a7da9b8a0140a38828c6db63b','18053522316292477c943b05.57778676',''),(126,'nxsevq','022ac3c5b64961abc5dedf66d19befde','5901106296292477c94db55.64257951',''),(127,'wtyfhd','6edd1308f0256d13a07ed104454dcd25','3432678946292477c957ec1.26182952',''),(128,'zyctms','2dcc68d34084b3f67fb30b9cfe1e6896','14996049236292477c965331.44311598',''),(129,'eyowvx','0110783c064e870950d3e67558dfb59d','10069036096292477c970879.07170143',''),(130,'fstpuz','be4f520e9d3a6f85670adacaf1064dff','2718615336292477c97a7b3.04450617',''),(131,'sozwqe','ea8abdd505288ad7a881dffab98f7975','9210061756292477c982413.48511863',''),(132,'cuxegk','7d71eb7cccc47960e8d18467d04b6b7d','5336959766292477c98c720.82172319',''),(133,'yinbcd','cb311492f89385cb77580e47aa22e784','108406076292477c996200.00270091',''),(134,'wmtgez','3f891b18f129a0cbe384c9292e0faf92','19112138286292477c99ea75.26365329',''),(135,'iaglxv','893a284e8b5181b0df0a18c9a6790ff7','18153150156292477c9a90b4.35602281',''),(136,'ibqfac','634d95ae53c585da5cbf670c9247b798','18866979846292477c9b0054.60574529',''),(137,'rpvmdx','1fd9d9b63f489a51ccd0f98ad7220b3e','13160284636292477c9b96a6.62144432',''),(138,'bpeywu','8859dcf7afd4c453bcba73b495264c7f','19127835116292477c9c71b1.13237696',''),(139,'zsjrfe','220b7971b360a5b6fe142f7786d0b8b3','17627932786292477c9d1125.13905270',''),(140,'nyxedj','ef7e30213f8ee929399b03d07d066548','20437665766292477c9da3c6.78607013',''),(141,'zarjyd','bc7d5a5784bc8937894db0ff7d68ac5a','8761349746292477c9e37f4.35266966',''),(142,'cuqkin','97630ca2a7a0b1f8dcecd4efaecd9b16','16629783766292477c9ea7e4.02254569',''),(143,'nldtua','df535837502247fe25751f92e798ebc8','6617193196292477c9f3e00.51943423',''),(144,'dkewba','21e257bc0aabb1beb3ab6cf83d0c9129','9669318516292477c9feea9.35442098',''),(145,'lkidap','b376c60088f0bb9257ed4d24ae78c8bd','15137557216292477ca08483.83920642',''),(146,'ixwjam','30c0037f41cd27c8d7a75bf692ae17d3','10589696416292477ca0ee34.42613046',''),(147,'mocxnd','e4146aa9eb6156a0ff73dbf6f5472b38','6007935916292477ca17917.84829114',''),(148,'nwrzdp','f44ecd40036356dfe1e57add8f34ec7e','7388950016292477ca1f743.77691540',''),(149,'navizk','4ac9c3ded4f2edab5eeddf65067ee398','19839635766292477ca29506.79109509',''),(150,'yisgro','7d60228ea5eedd101b6c3a078000fb8c','12805951636292477ca327f0.63723471',''),(151,'mdoipw','6417d0c86c609ade7aeaba6ce87594fd','18256547226292477ca42005.60106848',''),(152,'lyghcq','344eaa6e8509e026a2fd0edc87d00bc5','6628232036292477ca48a28.06591635',''),(153,'wxbqal','dba4554e6074004f3c48f65c7d025e63','15025203166292477ca55791.48758257',''),(154,'aerndy','341bc3c168cdd2a5a008da92e021a5c4','11623589516292477ca5dc61.66625514',''),(155,'pnxuoi','2fe51f6d84a746653f63e5092cc00372','13176757796292477ca68573.16941315',''),(156,'npxvou','677ba2b2bdf232af7e6d1b97f3b28e10','11419858286292477ca71397.01467628',''),(157,'vhczlw','4870969be21d29950b9b835fdc72a195','17552507326292477ca792c8.31697930',''),(158,'bmfile','8435f5ad634de675944cfe978e982d3e','12003492506292477ca819e0.15104757',''),(159,'minsqg','d9010ee2ec058f8be19c98aaf5972a61','302860696292477ca898e3.24301480',''),(160,'gzfbwv','54332ce7a1ba0e370fa21d5e656435b5','13833812786292477ca92550.51773976',''),(161,'rlogzv','6963ffaf06b960485764297067f9b483','12818657286292477ca99fa7.04750736',''),(162,'qaydzv','611ae0ff58bce5613d5657bb2100bac4','6292707406292477caa3187.01843408',''),(163,'btefck','f4e252a8d3d20312682796198592df8f','9025032836292477caaabd1.55180885',''),(164,'hzftgi','16760b7f169f456bcc97f884a18bfbff','10156308326292477cab3d29.21366977',''),(165,'ivpano','f2864066e75d1aeada8e24516b6c44f5','12649419186292477cabb389.92737878',''),(166,'ndwqip','5df9e3d0fbb1034e129a8402436660c0','14686635526292477cac4993.53347918',''),(167,'dohgys','fe8ad209d604ed3f8cd71dbe45e46311','14825385966292477cace474.47882575',''),(168,'ifptab','aef793a8b050b1eebb3fc2d9d0d4ad0c','12398088616292477cad4d55.46933856',''),(169,'ijgqfz','b5c09b26d76a0d1b98aeaeb4d917df16','6819508096292477caddff3.87094860',''),(170,'tuzvlc','79977e81321a1961ddd6f82235f87be7','9999481996292477cae4685.45224751',''),(171,'audtbi','f73701e40635ffea0243aaa56333d557','8663831256292477caed846.78148717',''),(172,'pbdazc','2bbe92090a4c3931cc5fc5b587527820','10454951416292477caf40d7.02425365',''),(173,'cluhmx','e72255325d66739e4f7811046ffc5f8b','19534202726292477cafd4d8.53234585',''),(174,'patiux','bda5ee8a3d8bee56327a81ed73680cba','17763423136292477cb04349.46180429',''),(175,'zrhdms','84368814f7e7396e8b2295cdc9b3cfac','8557021076292477cb0d360.22503682',''),(176,'ekxpsl','eb331c6d7d4da2f70a322982a6c8018f','13350804746292477cb13cc2.96461098',''),(177,'sxegvn','46a28ecaa981d0f6d31c90cdc04e7b5c','958360166292477cb1cd04.66420370',''),(178,'tyuqoh','7340075973b3696f1b05f2351044fa18','14910171416292477cb23435.70349174',''),(179,'yqdhzc','f00442fcf920fd26564b33c0aeca3286','10720527126292477cb2c001.40499222',''),(180,'wvxsmo','7cbe5ea9ddfd1a9219fce98742c1beab','13072004906292477cb322b3.44264362',''),(181,'xdywqp','0f0d7d05f73f3cd3da6ac581970df633','1334032866292477cb3f466.70819125',''),(182,'zpqivb','e0aa86e7101828fa34065f6adcd2896c','16575421836292477cb45bb1.79244431',''),(183,'ysfuem','3debefbc006b2472a28186b4ee4c0bbb','2188928386292477cb4ee14.85024409',''),(184,'blvsad','e8678742af816a11836225382a3255fc','14600799106292477cb56459.94631377',''),(185,'kdlsfc','e012969b66c46d4cf9dda5c5563c939b','13915790316292477cb5f390.29825888',''),(186,'iklauw','49f4a2b13dd4f5cfa3c01bb5f6f801f4','21223700316292477cb66544.93826199',''),(187,'rmdiac','3712eda6d5c2a40cd728efeb69d61ec9','5565371546292477cb6fd90.73153637',''),(188,'eywcvz','1680d9f5eb8dfd60b3dba5a89152de1c','11410928416292477cb79266.71281713',''),(189,'pcwblm','c5762bcaadcfa274a5ead256887d1ef4','6244804976292477cb7ff68.34287276',''),(190,'udyojz','51b8fc999ccac7898971d1c400e6ce7b','687242166292477cb890c3.36256729',''),(191,'fqaoui','c6382750cd5903698c0313f9b9afd23b','8951312086292477cb91c19.28200176',''),(192,'octrvw','6ae1aebee8f7ce34c37d8c637cebaaf1','12690579106292477cb9c1b8.69474350',''),(193,'zlyesb','0581093543253a335bac0f0823560a47','9803700636292477cba2fd2.41882502',''),(194,'chlben','3fab1e568867567aab1a0f8be2d2fcb1','17163931616292477cbac446.26730170',''),(195,'tqcyom','3d8b371d57b8e1433b2a2445f00c1a10','20340373276292477cbb32f7.61007053',''),(196,'gpvrin','7787a230b1cce51f3721402e946dae09','5526647066292477cbc0d23.96861271',''),(197,'blhngj','7b63b34b70e5e9cdaa724a4e4fa4c38a','3935686236292477cbd9708.14315753',''),(198,'xvztkc','bab13697a105fe39429fe52ed86a2b87','8987603456292477cbe2bb7.24023762',''),(199,'jquixf','75388e834c60ea4f3882582f5d88f7b7','9491227916292477cbebf61.06022025',''),(200,'hqbmus','63c0374a551f58d5fff4a5db546ac105','15876250256292477cbf2f76.47733998',''),(201,'yqmstg','2112a9761c26ab96dee7fe33d0f22da0','16000892666292477cbfc738.99310312',''),(202,'uplngs','60274fb86af0db2da73757d33d071ce3','82550507762924784cd1370.34128715',''),(203,'gwxiuj','744d8fe67de36b69459406c4fd6ebfdf','210352047162924784cfa5d6.42217277',''),(204,'eijkmv','b8e7fb4a722552ffbe03138d5b4de430','67692887062924784d04fc6.51565388',''),(205,'pyqsxw','144c28301f94ab8bcae770172471cb8f','197475901962924784d0be53.33924628',''),(206,'wiyqlj','abdf8cfeb5961a535cd33e0603430dec','198127824062924784d14529.60592775',''),(207,'hesgkz','5b8b2e3388e0a683b33017ea5b2e8a2c','77615103562924784d1ab49.87265592',''),(208,'kslnca','90621217092be781cf2dd0adaa97e774','47129668462924784d24ff6.84148992',''),(209,'qwtxlp','f2518c19a1d2f8f377742cb2d9dc4a2e','186208062162924784d2bec0.06555386',''),(210,'omirhf','1b6e0229adcad66b99ab46c1b0bb874c','87540979362924784d350b6.02048540',''),(211,'pwuenm','74338952bf7bce17ea23b392d38ae2a8','50263006162924784d42f43.15121148',''),(212,'skiymw','b72dfc640888fb093299879654f5f819','214087431762924784d4a018.94022937',''),(213,'blawon','4d9c76070cef72cabc94ff11cfbf0881','134290384562924784d55be9.95034198',''),(214,'srubtc','4686705919949f65e4d9e0305c44dae1','109433340362924784d621b1.56264999',''),(215,'wktgzv','b852534243596ed4e404fc06192b3c06','87754185962924784d6e425.44160840',''),(216,'tblvuh','3c3c86adf8f8f98bc11aa8f37a68e066','87228133762924784d758f3.05871203',''),(217,'zjytca','3aa44ee795d98ce577b755db8be71147','107095660862924784d7f9d0.49820097',''),(218,'ubylkt','ca3f4985bd31a54eb481b72b298c2360','176327885362924784d86320.75438600',''),(219,'jkuwbz','31d389f93da741e78f1def73fa8ff819','46188540862924784d8f1c9.91686600',''),(220,'smayoq','6118ed1eda8afe29b1386871d0ea9cb1','69009521962924784d95cb6.47148127',''),(221,'qticlu','af2832fff0143882a032b7a2d76ed129','37196352262924784d9ed45.21184916',''),(222,'xrachk','cd24ac8a2de25abc61bb7d9bf28f926c','50445283262924784da5970.64548820',''),(223,'jrewdg','dcd060266ade77901b016b0e9d273150','130720830662924784daeda6.69224728',''),(224,'jyiflm','ea89ae4744e177261648257854dd78af','76523197662924784db59b5.72532524',''),(225,'jzdsik','ce6feb9011457574f9b2252ef31d352f','111828251862924784dc4093.43273823',''),(226,'cahdfb','215e6653cf2d25578b9a855963516ca0','46176310262924784dde9e9.31988665',''),(227,'jovbuz','89032a1a318fad696822091b723a986c','91302106162924784de9275.81253108',''),(228,'sbntem','8a6644bb074f376cccd832b259867f90','141829152162924784df3526.78045103',''),(229,'vdklbs','d524c89db5d1269d37d31b52074192fc','116641682962924784dfdf67.37687771',''),(230,'awfkui','1b7c308ac042969bcf5aad2ab3a698a6','137077407862924784e04810.18102998',''),(231,'sulyqx','6fd63b61ec485326bf4ebe1cee64f566','82146535262924784e0dcc1.06912996',''),(232,'ramwvx','e434f7b91dd4ad03b2a03e8872259c4b','60158257862924784e14044.73535649',''),(233,'uqhxim','513d6065320c7a1255207f27c2af78b9','126031332562924784e1cc13.18014081',''),(234,'obnvpc','abae55cbf29070ef704c0839c4ec455e','97256330762924784e24756.32980497',''),(235,'vtsenh','ce73bfe95b5facaa8ccee202d21a9a4d','42597223562924784e2d424.09158809',''),(236,'jhznao','0979762566e3f3d8fa820833f41c4c73','134502968462924784e34fd5.71439862',''),(237,'ltzwva','5a3eb3b1404aa377c706fa7d237c0680','118308860262924784e3d725.74398523',''),(238,'jpthrq','d15e5e9014c7c482454160449139bd07','40351636962924784e45874.18207182',''),(239,'aqtwpx','20b2535626e83a27e0bb1ccd6c532960','23941456862924784e4e626.33225917',''),(240,'cmenhg','3530c7d26036b41066d6605921fe59e5','187343048362924784e56309.59131392',''),(241,'trfdkn','28a93f53cfce57e25546bef2b8c5ac48','63770172062924784e7cd25.93639926',''),(242,'fxkgqa','380a88829271ccd29504b7b263a45be2','35897010062924784e901a4.17288455',''),(243,'cbwpdt','f7d7e0994fb3d8a44557f59d6e850d50','144208214262924784ea1289.56138172',''),(244,'ulnbvi','d4efd7383ed5cd6fecf37fadff56d3bc','173513194862924784eb4598.08630522',''),(245,'ilfkqo','7ac43b76daff3b251564bf48ba0f484d','26486728662924784ec20d9.15032064',''),(246,'tncmex','2a6c63cc3f0091c1a32d471b60084e4b','58588938362924784ece0d1.40243180',''),(247,'yjuwaf','36e7c2eaecb36c5d8d0ab12f906f6287','51459094862924784ed6fd3.99199073',''),(248,'mohkli','3b2b116efedf0caabc2e7fe37681cce5','17253255162924784edd3e8.97553514',''),(249,'jeawlh','0c73d00dd4ce33a86af44473913b3f49','83760750362924784ee5d71.65550628',''),(250,'ncobvt','0a5bf7dfa082e684cc0a1d2998fdebe8','10303348262924784eedce8.22970161',''),(251,'bfsvpj','c8e533929268b72a1638667a9819a856','193427888362924784ef6ad2.58819482',''),(252,'oeyzwh','140abc857dda669a7ac4d97b6d703fa7','74180778462924784efdb15.01202349',''),(253,'dachqg','bb7875b86909c45e67263cc5eeb6e8a6','147198249962924784f069b1.27440253',''),(254,'ofybpu','e94f0db507a98b1afe723fedda99474a','61486727662924784f0e2e5.93405567',''),(255,'mpfsti','132f18153e029cbbc08ae9b6ba12beda','125732536062924784f17da6.22618786',''),(256,'gofxwt','7a9cc48bbbe22ce0972c6d26d6ec2253','167097403762924784f1e812.41954495',''),(257,'fdymrh','d43ba0ca6261afc89b3ed3a6017bff53','181649929662924784f2ba38.31164365',''),(258,'gkfewr','fd5b2eb9220df4d9ac0ce7f2777fb953','26514417162924784f345d3.06538196',''),(259,'ahugdp','20eade9d0b15fd512531f8f8a918f4aa','45112288862924784f3b1e9.35668921',''),(260,'pmlsha','e6179a4344dfc7c20e86cf072ef45d77','169352786962924785001a00.18469348',''),(261,'ycimfo','06369ad82cd646698bef783d9d284eca','206788862362924785009986.70250259',''),(262,'zjnerv','b071b78a3f4c39bbc51cdb7b104b5b18','59697241162924785012969.26397711',''),(263,'wgfdry','976caf28e697609f68d153f02320f946','186260626862924785019199.55796167',''),(264,'fwbxrg','a39e69d890aa484e6b65eb4e230924e2','109252297462924785024151.91941052',''),(265,'pjoymf','ef34f6052714de1069d71f4b6dc1fb2d','19633179246292478502a8c5.30689305',''),(266,'htcqya','b26fba8a4a8c7be6fc0ca32a80f8c93f','49417288662924785032fc0.75395366',''),(267,'fmnbvg','9f4ddb6a25199f55e86eff6b829ae9a6','34852525062924785039418.79990478',''),(268,'tpdosx','89b928146c13104a35eb869179e9ec36','63742463862924785043658.95831901',''),(269,'qauthw','dc6a70ddd523da262c514a9abae2f18a','78619457162924785049c36.72676589',''),(270,'beocnz','e67810b2f4f9bd52baf4abde4653369c','176173751062924785052440.52586655',''),(271,'sgplyi','028ea9511acd181839c723948cc32c5c','19151457406292478505a133.36044751',''),(272,'edtlba','566a64336b9a8cbf9fcaee476d46a36b','200352519162924785066f88.72673480',''),(273,'rcmhuy','c836e3a6698f918cd2aff6bea207629a','863216551629247850717e3.06966315',''),(274,'gqihmv','4c0ecda9e25cc37a5a8142f7ac84bd30','32903204629247850781c0.61338482',''),(275,'gidusp','85b80827f37d2b3b91d283adaac3ed5b','177445681962924785081131.35843157',''),(276,'hpurwz','d2ed2cb139d5360d118553c33d05aefb','29355537162924785087471.53815244',''),(277,'cwueba','095f58ac318fc4cce45b325446a25e4d','19451687646292478508feb1.35184211',''),(278,'rzcabx','566e213a38c56477b9644e4d07a2cf22','37875007762924785097b24.05273416',''),(279,'vhymxb','05182d9b947fd01017a552177cb57919','1339747535629247850a03d0.28465143',''),(280,'jsecqx','a0333a7a79aa3beaec8109b234253dbe','200139173629247850a7e03.33955011',''),(281,'dhlasq','6f002b8475a7de09ac1798d54c0d1925','1879163881629247850b05f2.67651036',''),(282,'gfbkev','1b1df87e49fa2462a68ae827f7f6b1b1','649530623629247850b87f5.88782762',''),(283,'bsuqzn','0a4cfea1ea4dfb37623a57fbac7def0d','777483667629247850c0f99.42986680',''),(284,'nrcwap','071f46351755059780b93be73de84d00','1268257413629247850c9051.44393954',''),(285,'cuvdzx','cc1b0fb5f60754454a635a46018fa6fc','1977363630629247850d1f43.41921716',''),(286,'ymkptj','0607c24f892ce94053cca3f645934321','1913465463629247850e8f01.13586711',''),(287,'kgmota','84314674e223959b1e6b55ac6397faaa','361601485629247850f6f83.52330667',''),(288,'fsmjrk','f5e36f58ad7857fbc46c6f97e2ba6b18','72674932962924785101e54.19515884',''),(289,'pcfkle','cf92604bab7651118c38102b8dc835b5','15353908486292478510bff9.39982021',''),(290,'qkpnul','e4307ad23886ce39e123c9e19de315c4','1714567177629247851134f8.53145857',''),(291,'dskgom','4727243dbcf5ce5a431c70dcb3dfaea5','19243118066292478511c324.97629099',''),(292,'pwmrzd','d921922d1bc919f2cf83fff17c15aef3','3820150562924785122f74.98728944',''),(293,'snkljr','437ac7d2649ff4cc2e6f82dd2dabcf69','14008355056292478512c491.78146477',''),(294,'hbgunr','9d0ada24ee331acbce577a255474a466','1059619053629247851342a8.73579542',''),(295,'xhtkyn','4a10cee701578d8f1bd9b3e9d0c30675','16142645766292478513d787.84230456',''),(296,'tnafcw','d9a5309a17e1df08f91ebaa503c2642d','166550818162924785144b19.59893655',''),(297,'yhmfwl','497121aec5853f9e3727d31f83a1af3e','16514207156292478514e603.97415939',''),(298,'uxrhdm','0ba42a3b435b5eb78be70150b6deec50','1772159668629247851579f7.73690126',''),(299,'jvycuo','36c74435344ae1f1e6dc4d3991066ab1','6384639046292478515f908.23295078',''),(300,'dhlgnm','56a45004e81d4c485870ec4d8c5e8898','1466500308629247851698c2.24683051',''),(301,'lhktbu','8f0a3e33deee59026eda99fafed5046a','201930660962924785170ab2.91061045',''),(302,'rbaxci','3ea701ef330c91d79ea5fc2662b95e6a','58158618062924fea7350a9.38685039',''),(303,'gkevqy','a8e11da4e2b1ec47415bb45a65df3a8d','47215660062924fea745249.84378249',''),(304,'ykwzeb','5baf55f54d7ce27e78623cc3906cd65d','82726818062924fea74ece7.83775323',''),(305,'rjvugb','c219ca2802cc74b4bddbeb3899a5296c','142507516562924fea757cf5.08081763',''),(306,'qfcsta','aaf8707ebfca016c38016cd16d1051f2','70940056862924fea762fb5.16233481',''),(307,'pdhmcz','43a529006257bfc56ebf444a7ae51b36','18562317262924fea76bcf7.87788263',''),(308,'hjrksy','48de18b688acd44cee9df3884bb822e3','779740862924fea776437.23967782',''),(309,'ebiuah','601c05f3d438671329ecba83499e518a','27626901262924fea77ceb3.89778572',''),(310,'orpumw','a550eeb4e0b3e17e083a67ca94494121','152140450662924fea7877f1.77703587',''),(311,'jteibc','f696119a4ec3ad2b1dc9ce9a532787f3','19182832162924fea78e0b9.60144943',''),(312,'wqbrlv','f35030b7dcb0f018fe47ab3c1e661aaf','207339244762924fea7968f2.32086932',''),(313,'fanwli','f492c48303a4fc8238c82eebb98ef511','146847694862924fea79e9f2.77937207',''),(314,'kehgzl','cfa5951195b952b5a5663bb94ff9634b','181748273862924fea7a9ca7.19518769',''),(315,'udbcmg','dd59de18d9a21db82daf96db0b2575a9','51817960362924fea7b32a5.61960359',''),(316,'axszor','8e9bc7ae1c880c7136317cdee3620e97','94389607462924fea7ba7f9.08620774',''),(317,'gmvuyz','6a4f956f506d1f2d0be307aa34660751','19043874262924fea7c3d38.19654303',''),(318,'ocvwtj','b69de1a524818c6bf93bac72c09eb54a','165172025062924fea7cb0c3.51622099',''),(319,'hbkeda','0722abdecdeae974bd86e152ab5041c0','7973553762924fea7d4c70.47539625',''),(320,'hpmfly','7a2a72a545cda5a2c7dbd8e9d8a0a345','89095136262924fea7db5c5.85982494',''),(321,'vbfedp','933de31b4fa93c70a0f8c3317b258dcb','163245105862924fea7e8bd7.65407622',''),(322,'mhxcwf','74147becb8d1db159cea510de1cb12bb','145961193762924fea7f3229.87263093',''),(323,'eflkgy','c7d59ca142a7680884df5fabc1755ee1','110611109162924fea7fb7f8.56568114',''),(324,'ecqryw','977f5752d618e5fa22ae63d6d46cf93c','136969770162924fea808de7.60666379',''),(325,'klwrcp','817697a236268448600991b00223058a','212883792762924fea814365.53439402',''),(326,'xedzav','a8b19a60dce2202af66c1466a1668497','43414216162924fea81e408.69842675',''),(327,'zpvhft','210e948a289abeff69fe58a46701f52e','156756066862924fea8258b0.36081639',''),(328,'fckaip','e04c7bb5b33d18722cf6e86e3f1f4daa','208326731862924fea82e464.98990600',''),(329,'ajtidg','2038a01652dd89bce55ddd69895b55d1','102481195862924fea836759.35925403',''),(330,'tbzmsg','9537b260501fe58f22c343f49075c035','76583354262924fea841ff2.64894672',''),(331,'wmequj','c40d86c211fdb9052bfba7dfb87ae237','15333878062924fea849009.63240363',''),(332,'rbgmiw','9d3ee401395083cfbdf2f95ac0325eed','151251545862924fea852629.83613968',''),(333,'rqoiku','dc535521591e711279adfa1cc1d04934','29680987162924fea859100.70663917',''),(334,'kcbuaw','65aa7c5ee4b6d077eb1dbfe63e40f571','124914698962924fea8621d9.77437543',''),(335,'uinjao','184775d4a667dabed4eb98096c89f24d','191392078562924fea869af2.51970446',''),(336,'daihgs','329f0d2f599e5a61fe9bbe9d39c7c6e0','168692449262924fea8762e9.44344153',''),(337,'ryxiaw','6b7dbac4151b68237b75026a396cd294','47469372962924fea881867.28083434',''),(338,'thoqxe','8e78c031822e9b1b6721c4ef5fdf773c','165674944762924fea88ba20.80057042',''),(339,'gbpdqy','013394bc19084c4e11b01135d9970222','119856467762924fea892df5.06789994',''),(340,'gvwcnh','2253f91bd18d34d4ef81dcf30cb8862e','39595731462924fea8a0b94.94880558',''),(341,'gayipo','341c59fb94a4ac0382a11bd1d9f3a262','89208740062924fea8a80b0.52204539',''),(342,'yfrwie','686f167502251d65e99b0b229e1efc14','194486769962924fea8b22f4.60894051',''),(343,'vpbihq','73a892726e2ba9e5e150f00ba9e4a1d5','173416531762924fea8bb477.58036484',''),(344,'jzpmbi','08945dbfe8d5029a21ab44707c2b55b1','63521930662924fea8c4cc4.82754264',''),(345,'zpfomn','28bf59abbd2df1ff19a17c3264155d1d','207677316162924fea8cf445.71620354',''),(346,'yuxlhi','b375bada57d437e7d9df09e08e720137','98432981262924fea8d61f2.54546248',''),(347,'uthwer','d20ca39a97e101426eb92dab0528c8ae','19094326062924fea8df420.02742545',''),(348,'djnqhm','ebc8e986eff84a544b4391594bc62aae','116689312662924fea8e5cf1.49980841',''),(349,'lockqz','ca84476a6d555a5e32ee721e2d130ae4','3042502262924fea8eeb06.33547599',''),(350,'vwztmn','450b5badeb5316771a9f558fddb76504','64113592562924fea8f4f41.43784159',''),(351,'ehxslj','b3eacb552789d3455860dfa0eb89c82a','119388023662924fea8fdd47.06543213',''),(352,'miztvk','b6ae959c50d66018d3e4aa931e25b784','112806097462924fea905d91.91334865',''),(353,'dqrjoa','ee0584e13ea7a192b8355fea7bba4c39','4610254362924fea90ebd0.44869175',''),(354,'hzayur','21d552e9da30dd522200879f783d5a59','9021077362924fea916ea1.04645028',''),(355,'ihtrvj','57d035c3743e36023f50571200e2d0f0','162459902362924fea921373.59627247',''),(356,'mxiovl','8a63d0a1ac6a50f10c18bb0571d427ea','80654586062924fea92a337.29921525',''),(357,'mrfpdq','29a7c819fcf9a2e90aefdbd55a3f724a','209000998062924fea9305f5.55668811',''),(358,'bwxlyg','b0b432eeecac6b1509ad3ef9f04aa78d','25523222162924fea938e25.85592430',''),(359,'gqprlm','dfab472a363151f6f6437c7477a1435d','145879663362924fea940687.20234439',''),(360,'bturek','8587353c8e5a98fc78ef63970b572e63','24236534262924fea9492b3.82398158',''),(361,'fzkdmo','3cccc4f8572c2bd0f5bc9e7b88e13f05','18541088262924fea9512b4.42356853',''),(362,'dzjbiw','669cb9092cdb096bdc22ac0986f9cf8f','195657046562924fea95ab45.09521114',''),(363,'vlhsfn','de68d9ee1c96b007598ac1fbcb900a32','98434371262924fea961933.71623624',''),(364,'pnmrde','b4de6f409917185d5d30e41f1b31ec8e','117989875762924fea96a250.09241042',''),(365,'njytum','bfddc32f347208b39cae048a3733705c','39622244362924fea972071.06773339',''),(366,'eyiphc','5360ab2bf28ae06a479eeb329285137d','174171765862924fea97a7a8.65290999',''),(367,'cauzlj','b68b42d890a886ce91154cb41063a620','131373966062924fea983115.37368234',''),(368,'mkdgjh','49105effb380cd4115e9024b99745e21','211751322062924fea98dbd0.95014652',''),(369,'bsqzce','497efde4068d2029a358d3038275e99e','97091901662924fea996ae8.85232504',''),(370,'taucvh','1570f97c72ef364535d530276ded7c2d','196493741362924fea99d196.43449984',''),(371,'xemhst','52cd0e766fb8e3dfac25cf4033d29dee','193648225462924fea9a9d50.74565210',''),(372,'hroawp','3160dd9a908b221305371d88aaf572df','86202523362924fea9b1b13.23925837',''),(373,'vxmgqz','c09ee2cc240e13634673121bccdadfcb','35666212562924fea9bab16.98312969',''),(374,'acqyzg','46fc2d3828a427473ee319b344ba6758','130108728362924fea9c92b2.52572896',''),(375,'egbmfk','34d66c0bb3cf3f72bfc0b0c968bcd7be','99966805562924fea9cfc02.71109633',''),(376,'lghozw','d6c465a86561804ef139f986e4039d3f','101838092562924fea9d8bb9.95982179',''),(377,'mkjixz','d2798ff37561c3f96eec9b2e60ba385c','47568226762924fea9def28.61205571',''),(378,'zqpeki','63e3aeba2b8e45ac1c31e2fe65c96110','192626990962924fea9e78e6.96705394',''),(379,'sbvmjc','cadf961c695634ffe4960e1f71082f44','156722739662924fea9ee406.09933348',''),(380,'ucevgk','28586aa6e6660fd20a897ecda39da2dc','70782835662924fea9f7422.55119254',''),(381,'umedwx','52455c9a8bd221d0e1c45d88518f800e','31081600062924fea9fdb08.86366701',''),(382,'yfjqgd','4a2c5353188abcb0c52804421a938d4c','51944780162924feaa062d9.08856262',''),(383,'syuazj','d5c6760f511d6209defb1f5a7edfd4ee','111182113462924feaa0e112.45193465',''),(384,'grxlkz','0c728e7658ff98a107d17770e1a9d876','159673131662924feaa18b13.67983266',''),(385,'xqbynr','cee1ade3ce9aff1c69e9e7f0ea67526d','29634159162924feaa25bb1.53464551',''),(386,'ulstwm','b63d0d49ecebd9a3e89de5d2831ddbfb','50370218062924feaa2c457.10882962',''),(387,'ozgmjd','d55b063a33af491fa331ca32967eec64','173851087262924feaa34db7.60465226',''),(388,'ryfuqh','3d2e9d4098098f4d2b2d5e0d715f4d74','54269722662924feaa3b1f6.63215942',''),(389,'layudh','86e10e6cdab7feaf6f75a0df0aebbee2','30095922762924feaa43c83.13016029',''),(390,'tyzmvi','fb8fac02837167625ad26bb76bd3aae1','147393807862924feaa4b9c2.47176425',''),(391,'qebsto','73103411668bb41d73ef99cc20f52e44','93067075462924feaa54f02.00265482',''),(392,'mfydci','84cca153e2cb409dfcbee39131452526','67823698762924feaa5b853.27681805',''),(393,'myhgzn','d546384d2cf422c7b32a81d875d6b3ab','113802738062924feaa64bc9.08747459',''),(394,'vsdbao','e48e5e1c6cd76b985531e2f7163c70cf','150556160662924feaa6b637.70263592',''),(395,'jdwcyv','b26bc746b059701c11c1f33b59558941','208415304262924feaa750a7.06340809',''),(396,'jvdpql','8a7303fbe26288cdee93bde79597de88','135635747362924feaa7c256.23458392',''),(397,'fvazeh','129478e5b2dd50610f7bb2421109bcd1','18228029862924feaa85098.97512000',''),(398,'edmxou','20e37baf25514764cb141deefe9d318f','35121277262924feaa8ce54.90282373',''),(399,'rdqfcb','ebe20729c4532ff02b0a742a19fa2c52','135789659362924feaa962e4.93502069',''),(400,'jdzscr','902e671d416d1602d46a9bb89b1eaa23','112326263062924feaa9f299.60404608',''),(401,'ojxkfi','43652efab3998d42e5b84ad6c379aa7c','30625162862924feaaa77d3.84071745',''),(402,'aycxim','c68c464336ff48a9ee6abeb3f4618f73','186473073262925b5c0fb802.75128946',''),(403,'pizwbo','caf09122dcb13c447d909973fc6bacdd','76525835262925b5c106843.44308684',''),(404,'ayupbd','ffb5f3fda080fae8eae025281ed164a4','141442347362925b5c10fce9.68287925',''),(405,'ojftcg','357cefbaff0bef542e3de6759eb061e3','136534159362925b5c116e70.58965815',''),(406,'kumevb','2584520e6d6c7c3c0eec5f5956d33f35','206990019762925b5c120437.89932667',''),(407,'qvodmz','b3e352f75452ff5db10c23844a888a21','202041519962925b5c126b50.24834077',''),(408,'klpuqn','c4b9e3285e265c70e43fc7e2168d8523','74567145262925b5c12fc55.27475822',''),(409,'wfiyvh','3f26646dcf24a196bcc7e08f9204555d','185475398162925b5c1371f1.70115951',''),(410,'ckbpmd','b50902d1be99eddd74c1876b9032862c','76062093762925b5c144d45.79397329',''),(411,'qzcwpk','93328eb66fdb7c107fcb6b87b15ea37e','139937475962925b5c14dd59.01861469',''),(412,'ewoigp','f65702be523cf4fb29b4026e4fc5a618','40036884962925b5c154ac4.71840643',''),(413,'hsxfgn','f19bcb3910d11ea8ed23b644b371776d','146139809662925b5c15eb43.05797487',''),(414,'xmkyoq','fd9353cccea2552480848ec4d200b111','93706570962925b5c165bc7.43893601',''),(415,'urkjdp','16df0b27aec6e0bc4e8dd9e8b86f2437','157089608962925b5c1723e1.10833755',''),(416,'cwvzme','95331eb7a08f4e407b72b15dded6d43b','80848310462925b5c17ccb8.37953203',''),(417,'cnwmux','e9c72a928229655a8148d0559b5a2748','79877409662925b5c183d69.56649091',''),(418,'nclabj','1a7fa21d5583993f88643f521b21e083','137294909662925b5c18db81.24983610',''),(419,'ohzgcr','21e40059f0268196d3851bcd1b81b0c4','130282758862925b5c195373.58332097',''),(420,'camijv','95ea8f42ce7261fdabc580f3b3cd8e8d','173430436962925b5c19f989.68998420',''),(421,'dlfysn','788ca9df59594a163ea348b2cda5b92c','662549662925b5c1a6ff0.70965108',''),(422,'lymxuz','1e2a5dc193ec480c681822267d1d5fe3','168202022462925b5c1b1434.28024163',''),(423,'smucwi','b0db4f42d68980438492b43e32b04f39','22320362862925b5c1be468.02885074',''),(424,'xhqfjk','091d6b940ad5faada36c23433f1e5623','98876098862925b5c1c9853.30929123',''),(425,'deyvaq','c4b024e0d9b19fe27eaac2a02cd6987b','106900600962925b5c1e5418.20832334',''),(426,'bkzyvq','dab4f568b308e79a1634c253b79ee758','105833848662925b5c1eeb66.04033570',''),(427,'orvtcl','6602cf5f704e913e57469037b72c3446','44641767162925b5c1f6b49.98318593',''),(428,'njqhle','20d43c7ca40149d0f1d087a224bbfc35','93532096362925b5c1ff7d6.09887323',''),(429,'hopemv','aa74d6f7d0be20de231b869fe51a1295','128142223262925b5c209d02.92170063',''),(430,'zubqpe','d168cf765b1538e1e94d298456927422','30315556562925b5c210392.15149526',''),(431,'vbnloc','01872522732008134b3572aad2ad7ce5','166041980962925b5c219660.07214230',''),(432,'ioneux','34523684b9aadbbfb6dd9dec6afb79dd','213888515462925b5c2212f2.63199948',''),(433,'qctklg','fa5ebcaf3278cc0dd1802d5b5cc8ae84','76527249662925b5c22a4a3.98161558',''),(434,'njugpa','8cd80719a69f8795b2c936223f226591','3766083362925b5c231082.33625741',''),(435,'ukjhwp','bd2d187300010c27d8631a19b6503d56','23755858762925b5c23a8f2.84743295',''),(436,'adncwi','015cb4584aad4b7df4ae26d0d0e692ec','9335887562925b5c241909.51421761',''),(437,'ncsxjt','e9fcab0d7ce4ad38bffc7927266eeab4','66631609962925b5c24a9d7.87212942',''),(438,'fbtrxv','7ab11f8a433fd304ec9686c52e542489','78247013362925b5c252548.59227457',''),(439,'jrwxtk','d114b3bdd9ea257d209e6ac968be6b28','89290568262925b5c25aee4.91978531',''),(440,'crbftn','81edef41416deafe094c8b1889f0f6ae','178496672662925b5c269486.37919055',''),(441,'debijp','9c9a3e4101b7c2747c13010a6fe5525b','73874115462925b5c2707e3.82260229',''),(442,'fjbymg','5fa749077a396ef8a607e41ce106fa2f','137265868362925b5c279338.75719071',''),(443,'sybuqh','613034b42c777200e73d4c4509af8529','86285741862925b5c2816d0.30415160',''),(444,'inwdsg','14a584803dceac86dc5f2f0afc0f353c','19674458062925b5c28a6e9.17546906',''),(445,'pgivmz','a093b3c92b0334f3fe213a8852fd5b82','52181676562925b5c292695.99919822',''),(446,'wbhkic','c02d398afd22586de5ccada33259744d','8672683462925b5c29f141.66225682',''),(447,'ibrfkd','6c242798d3abfcbdb64a66f4d4c70448','20024878962925b5c2a9f20.60385969',''),(448,'keuqwf','bd30a4f0fdd1bd3c2fd50d2ae757a656','126689685362925b5c2b0b07.57388605',''),(449,'gzrynm','26e25e9936abd819d5698b456b822a9d','171630413862925b5c2ba017.99955965',''),(450,'ukxdqf','1c29a0c1a10a291b8977dd83dd57c30e','47981734162925b5c2c0b97.53118660',''),(451,'lqmkds','f41a55829ad9db7e0ffee1d25c3aac50','199541161362925b5c2c9914.44272018',''),(452,'jxdfgr','3929dfb2333197be6da14177fe5579b6','194798880562925b5c2cf936.83539789',''),(453,'hzxcmf','be4aedae3cab5b40a6ea9df7bdbd4694','76669424162925b5c2d8179.82503005',''),(454,'lhimuv','9326c423991f5630682a4ea1150dc247','106746721062925b5c2dff74.00925271',''),(455,'nvmrxw','0e3a6088d0c4157cf4338a28befdc150','36146514862925b5c2e93e5.14296752',''),(456,'obfxic','9127ae5a7aa56d576bd45ea40b2461f6','150271003762925b5c2f0ad0.73289235',''),(457,'wpbzfu','c120657089015c6084c065a6a9d49152','67472379862925b5c2fa888.62140213',''),(458,'ioznsm','a5e27ae3dcdbe70b3bbd8a3de0be8d8b','63650669362925b5c303cb9.97979679',''),(459,'ncgafw','817abc389b5ca4b13465d2088192224b','21044754562925b5c30bc52.72735584',''),(460,'cfhsyq','a20cd0143d79b8b8741d1589e8cc1b77','103255614362925b5c314974.39393069',''),(461,'rfsehj','f6bf1cfac7bc5a7d02ea8700ad7f2956','155679548362925b5c31f208.64333185',''),(462,'vwrtmn','cf52a7d23325c9d1ebe9cf54965ed901','39565160562925b5c3282b8.42400098',''),(463,'btnuoe','9ad4ce31d746fd50e542f0300a2add15','96231202262925b5c32ea36.72951122',''),(464,'zstqki','dd7611ca8e8a64b867596210618ea360','79142873162925b5c337579.52955282',''),(465,'hlpxuv','e55f8afaabca8e8f8f791ea576a0c0b4','79282947262925b5c33ef91.10320441',''),(466,'sgrcnk','ee2c59202003dd65618285b768353eaf','60710438362925b5c348888.35883121',''),(467,'rldofu','843627df3b7c4a6fee32cd8fbbf59836','140282443562925b5c351324.26219987',''),(468,'dfgenp','eb991870c6af9f7727c012282d852ac6','101511039062925b5c359412.21825407',''),(469,'rbqvxe','9dfe2f51418354332eed440fcf702de2','132516299462925b5c362691.53327116',''),(470,'mghtsf','989a5729c084f51a500b77d98d1f7c83','199908095862925b5c369667.38037139',''),(471,'qhnkax','9ec4e65639f0753e6450116e8f5ea7fa','35796399262925b5c3726b6.10871989',''),(472,'vmzrsl','aeb247f568ba152ef175c6390f7dd5e9','207132244262925b5c378ce6.23619610',''),(473,'mbgldc','dd114e9c1cf0984a3febfe90dbb6f1ae','28104938562925b5c381932.50446144',''),(474,'ehpcrt','a4cc20310e896cf3e1bdd793e883bd99','213008965062925b5c389539.48234832',''),(475,'qdfxmj','5bc792c6a03a7f1b2d126d46204c5dc0','29137993162925b5c391995.60996347',''),(476,'ixrftn','31242e9caf609751c8bc1199d8814ae4','188541612062925b5c39c170.72156016',''),(477,'vopity','43ab99925bd65a0f3ac29c501bb7e024','81735508362925b5c3a4e95.67753407',''),(478,'byszfi','a7bf924a3cc6be23efa378763de3ef96','165437790362925b5c3ad531.38505705',''),(479,'gyjcmt','d6e69370b9149c41081ae2e98f3c6d50','182137451662925b5c3b7115.78863037',''),(480,'khuflb','04aa38b78ddfb5ac48af1a03d50ce005','20526854262925b5c3c06c3.31209298',''),(481,'uwqixg','295962a3133ef82b844c179db95926b2','92739582562925b5c3c7c95.34628320',''),(482,'wdqgji','d7f31a3e53e2e852b66c5c9200638ead','87332443162925b5c3d1330.70562625',''),(483,'gakwxj','8de722405d59163faf11b103dc4412ed','51891806362925b5c3d8ae2.38331922',''),(484,'extgyb','f5731cf2d46ab5533e227734b80a9ea0','70884358262925b5c3e1947.05544894',''),(485,'evtqjs','b6aa457e7c347cda0065d10ddd5a633e','58227620362925b5c3e85f5.75799490',''),(486,'mytsdu','0a49b96fca22b028635b16c398f203cc','111844516562925b5c3f22f3.65365202',''),(487,'rtavns','1dbc21182b41ac648c5a8ac591812d4e','25756351862925b5c3f8ca5.42422773',''),(488,'ncsblq','8e1a0db065d7dce675743361f314c634','142693278962925b5c401499.97611807',''),(489,'lpmigz','89f5d8bd96041f580d46901c389963ff','201519842562925b5c4077c7.46308076',''),(490,'gyxaon','caf726822c9040d363b1f9e31689713c','63138228362925b5c410077.07552052',''),(491,'ijfkyl','0856c19d0e92a9cdfe2625182400889b','30964839062925b5c41ab72.24273676',''),(492,'xntsvl','b9498075f0d78fb62c85451f11abad17','1927823262925b5c423386.19806622',''),(493,'vbcapi','8515a8af305fe2974b8323cd923cb496','182361434162925b5c42d243.16875483',''),(494,'mwsrcq','bcfcfa481e5b890d7266cd39e3693a43','37898245662925b5c4332c4.81996093',''),(495,'ofajxn','d546156e9b7b35100570a249c4ce79aa','34141922162925b5c43be24.43420273',''),(496,'vibtua','f080588f510c8e08016c51d697a5fe6f','188008317062925b5c442103.91249152',''),(497,'tyzbjl','67fba4099feb8309125cc8808182eef3','83698099762925b5c447fe4.80887861',''),(498,'ykfieq','907f9bbca0b23df895d8c66c12ba1bf5','81489284462925b5c450f96.10623343',''),(499,'fubvol','85ab45ebebbd2167179925bb5bddbe1e','116069341862925b5c4574d9.33174719',''),(500,'damxvi','f884bde326e57f282d4413559c30f686','106540192262925b5c45fdf5.83664051',''),(501,'izqkng','f56b6fe75b1a32057f9b2f35f1555786','69065134062925b5c467c47.99065489',''),(502,'cqzakt','87333c8917ee23ed9be9435cad64be97','56791698162925b9e8c9b79.75413107',''),(503,'tvneuf','0d114a7dd3b8523b3e931c8060e4c14c','127347453462925b9e8effa4.30139536',''),(504,'wcvmln','52c0e8b95a6d395fa37d121579fe5a2f','156840959062925b9e8fee51.95457526',''),(505,'abeyuq','0e0b47829f4a74e4c6d5ed0bb77f75f7','131331818762925b9e907b24.26303478',''),(506,'ircvky','a464d5db73e236f017d360eefcc6d9af','204794156162925b9e911ef5.22339538',''),(507,'zojeib','516e60da7ea08b4b5e1a36f351601087','35876203562925b9e918807.70584385',''),(508,'znghol','44a8b908b1362e7867c43e47b789ad4f','168907977962925b9e921847.58800201',''),(509,'lagbzd','c3410b58926221d9f4799fa59fe650f9','106498608762925b9e9280a0.45789529',''),(510,'tslbix','43f8c6990d1d855151652bf3609912e6','179265840062925b9e935007.89918761',''),(511,'knhrtp','d31be749a7ba99fe9136cbae6b35b96a','170359322962925b9e93f316.77242193',''),(512,'imwvpb','55116163fb0be00dcd2e418541bfc0cd','11314266662925b9e945cc3.52328401',''),(513,'qbtsup','aec8a122998a12890759fb7cbe902418','186845193362925b9e94ec94.09618242',''),(514,'hxwabc','ccbbc67732d0b63b46b46153e57bbf6c','92640688062925b9e9564d2.35533905',''),(515,'dwjhqm','3357bfc0dfa4d414fff1e761ffdb074d','149257655462925b9e95fc14.59942778',''),(516,'albvdt','4856fe16be40c231642e29ab7512d292','124862814762925b9e966a30.88782157',''),(517,'kxmzbc','4812e22db107d2358e03f4a012b68ab0','83335366362925b9e96fb63.14190778',''),(518,'qrekjn','6d83f64870e12c1e477150afc8fbded8','178973969562925b9e977a46.39603408',''),(519,'beqhfi','eeb2901467bbe490a951d7b95d0aa69e','210172957362925b9e980e49.51298961',''),(520,'ixvgsn','9ad8c5857802edeee26bc5bb28a4064e','176016106162925b9e988ae9.13798501',''),(521,'zibxfu','c67f5079016414aae8c0fe2fc8db01d8','182332835062925b9e9921b7.38325506',''),(522,'usjphx','43aa67f8b2ecf053821272190351067d','181447427862925b9e99b923.16823401',''),(523,'sdwbkv','a459be44d456ab423a4f20903252983d','21984437762925b9e9acd80.68506303',''),(524,'pbcatf','e5bca93b0265608be832ade3ac1ef1d0','206527090662925b9e9b8345.89782572',''),(525,'ikvnxm','c7e753dea147ca70c7531846cc4b2a3f','59481033562925b9e9c6553.33084476',''),(526,'pykcvs','c2423ac396655118f3218d448a47efc7','157971350462925b9e9e36b6.08747773',''),(527,'navgjw','d6102d0291c6cb24236c030f74cd23aa','173431248862925b9e9ed726.36782135',''),(528,'gymprk','a02ba8204284e3362a641b6bfb58d4b2','138986295862925b9e9f3e64.02107600',''),(529,'nfdrjv','7da30269d6d835e9ad3353ed095e1932','2979931062925b9e9fd116.99209423',''),(530,'hodytz','d9ab805ed81d36f05d4821ac1b23ea63','213015957262925b9ea04239.18627535',''),(531,'fupdci','28278861b4ae51abab21253be6830f5d','97550181662925b9ea0d777.83366568',''),(532,'vbhqra','aeacefa65155eaba45f1ba19e684feef','10983771362925b9ea14034.54110650',''),(533,'mhardc','ea4d94e022b5d442ecb1a7c7eb017991','35661949962925b9ea1d094.50887342',''),(534,'pufexl','76d48a95a01ec36ede69b5fcc17ff5ba','153313673062925b9ea24cd1.17779669',''),(535,'vnobwl','da584f62e0e6a3fd6c8cd3558c2b6f33','61381808362925b9ea2f7b9.15845282',''),(536,'znlbvt','8bfff79c32f6aad7bfb1bd1538c11758','5413617162925b9ea39480.47608415',''),(537,'rwuxqt','bc07e47077ff178dda35f86319af58ee','74332102462925b9ea41fc7.97377622',''),(538,'vrkjpt','4362ad8f1e982a618deab8ba97932b3c','174692522862925b9ea4b6d2.01431248',''),(539,'fosjzr','9681cf96ab6595164a078a1adba8c0f3','8334639962925b9ea52f00.62284221',''),(540,'nxkwfi','52faf98ce8be4ff7d8fce8d74a628a4d','15462575062925b9ea5ff63.86704304',''),(541,'rbdvsg','06549105ab9782d2433d4dc4bd5f9513','76634286962925b9ea6a0b6.90560461',''),(542,'liafdj','bb09be607aad2a7882c8b4a2b64b5675','73621486862925b9ea70880.64728864',''),(543,'zchopb','4fd207fb287f0370d081f454273b6fe6','127817003062925b9ea793e2.70757948',''),(544,'txqfoc','01ef1a9a85e2b272aac52232c5bd27bf','130504450262925b9ea816b5.07423176',''),(545,'zdkbtq','cde8561fa54474161cdbca35330c788a','32001838162925b9ea8b3c8.92018401',''),(546,'eaqzoy','ec68796e739dd6d8bc3837611e8b8617','146591911862925b9ea91788.81389419',''),(547,'owgbah','a2ffc8c0e4e048fe1a28080b77ce5541','29064151162925b9ea99b25.31225616',''),(548,'siotjy','eaf864fb6d147d69bdf38f652b3a52e5','1639683562925b9eaa0389.18752693',''),(549,'mfarhe','7e5d8bf6913da9d7a6898b7bb7107566','48884182462925b9eaa8e89.97527262',''),(550,'mcpqih','88480c801822a3ec1cc07a52a3286bad','103790387462925b9eab1243.18704665',''),(551,'sirlcq','17838a54a95e730b62c7ed9ef62fc829','35115883262925b9eab9d56.12852040',''),(552,'azwktf','bd6f43b86f8dde1c12431899ecb7e8e9','113760231762925b9eac22d4.74765906',''),(553,'izrnwx','45f0bb89cc2702847214f4768dd6d4b9','205345669862925b9eacb352.81123127',''),(554,'uxoczh','d1b713229c0c6710ce1f5a963832f1d4','19669614762925b9ead4f56.99687066',''),(555,'ftozae','5dacb28854e92625d387a80d8d0b85ef','52081375462925b9eadf906.07290511',''),(556,'qgmfcr','ab3258e856bb4e09a23c5da0477b71a2','179258987062925b9eae8159.24607123',''),(557,'lyvjxq','61f4944a122404725a541681c9ca2b4a','85472750862925b9eaf01a8.74060101',''),(558,'fhsnir','7109d17c57174fb9e850a46434183fec','170719462962925b9eaf88c6.23757724',''),(559,'nsxorp','ea870bacd2b66a40e41ccc4abf7e0d95','113706408462925b9eb02c86.06868126',''),(560,'jhwprk','9ac646ae189ac755dc299902d36d493b','172077705862925b9eb0f2d2.66973430',''),(561,'zghney','78a044c06fb820e8f791a6127074e607','39040616562925b9eb19520.27344629',''),(562,'hjpkfw','121dcaa2866f79da34d39cdf96001302','189296565462925b9eb21e82.59557348',''),(563,'ycpbua','38da768bb8aaef21e8a8d1192f98e659','56270328862925b9eb29876.53872762',''),(564,'kouzdf','4d0b7b37e70485aa0266f7c6c2635616','79737026262925b9eb323f0.79297782',''),(565,'pkneal','c0b827436acbd27b2d96ef8d1d80bfe5','157537565562925b9eb3a2e0.03052348',''),(566,'dozbwr','f3f805fe7b097212ffd6bc516e1d9dc1','139923929862925b9eb42741.32709000',''),(567,'hegjms','a216f04228f60f07cab7494a0bf4729e','171952815662925b9eb48ca7.75388249',''),(568,'pxmrqk','c18c59247f590a36907b245db31350c4','13956061862925b9eb514d3.10807303',''),(569,'hjsbik','57415d59490e862797f65a3eb84a5a87','2003716862925b9eb595d6.98887512',''),(570,'iglqwp','3fac10280e0bbee212f1537bd4eb4c4c','147541913662925b9eb62118.88978236',''),(571,'lzhvdp','cffacb48fef12477abbd0001f3b9ef3d','71316395162925b9eb6a394.19502989',''),(572,'vphrbi','f58543c86a20fa81d3746bf573091486','158362794462925b9eb73020.78780431',''),(573,'ksnhyq','f8896ef083156a731e2cf8116bb303ba','156663169462925b9eb7add4.69462057',''),(574,'enumjo','2814247aa121dd86e7c52a0e0d99864e','134296091362925b9eb88537.47796622',''),(575,'bmyhun','4c31602faca91e205384c30949846efa','49474888962925b9eb91cd8.34403838',''),(576,'bpyesw','7581bc121caa29d41847e0e0a3b1f7f3','167758617462925b9eb98597.01814564',''),(577,'vfpzrs','e7b8b5c419f00edcf01e60f792c3b704','147046447562925b9eba1476.86440529',''),(578,'upvqrt','bf85397d8d8a6f584d2ba5ec7d2a2000','75926049962925b9eba7eb1.53591584',''),(579,'poayfz','38d86557c293e5416af5b42c3a6de8ce','53708807462925b9ebb0a83.28727847',''),(580,'grpcal','5bf2c56e09344c783a532264ac9b9fd2','73434700262925b9ebb8774.79081234',''),(581,'vruxcs','4d32f73dbdcd7b4f8ea6833db8d26122','150279114862925b9ebc1df3.68536514',''),(582,'ufjsam','aa67643859af47554d2acdac2a5b8ec0','154648430662925b9ebc9df4.39574596',''),(583,'ibomvn','c829b64c153de8864333a5fb8ceeeeac','141996706762925b9ebd2e31.45837394',''),(584,'dglvyj','c5265ba2c0d1e5fca0643200b2706ce7','203955860562925b9ebd9a09.05917695',''),(585,'tjxlme','8afaa876e95eb37c847d899418aecea2','132104918262925b9ebe2286.04691482',''),(586,'pojnxm','1195063e752a47a95e958ba9ec890e10','63604193162925b9ebe9e43.03751173',''),(587,'ctapvg','59afabd7875c0d5096021c2099b66050','184803114562925b9ebf31f8.71264369',''),(588,'ywchdi','c28a888eea640813c35805d14d4df681','198707094362925b9ebfbf85.35423909',''),(589,'uparwt','467a064fedca630bf758f1c253f73390','210341608862925b9ec055f5.98126908',''),(590,'rkgdab','df0eef40ab1e0ac71feeaff70a4cf287','66472709362925b9ec13991.52524717',''),(591,'xzoqid','fa8a7c13c4a5665be294e9f5dbd785b2','2425778662925b9ec1d172.04635411',''),(592,'oeplsm','4c966cb7c110162ca46de42dc1587556','10896256262925b9ec23547.01243836',''),(593,'wiycqm','b4af1bfb6f7949dc24459e008f0ce682','124773832462925b9ec2c7f0.23525830',''),(594,'ysenxk','b676e62fd4a40c0d177f2c9f10237584','163628683962925b9ec336a4.59012414',''),(595,'bzrilq','505bf6ddd64523355e1f372a53b7b4b6','189875530462925b9ec3c0b9.09425679',''),(596,'bsyxgc','43fcf37020ef62a31fba4a34b1777e88','72513890762925b9ec44bc8.59648671',''),(597,'dywzlu','d2587efbcc4300704c8fc8b8af0b10c7','187899816662925b9ec4f6b6.92987482',''),(598,'egizwx','d34d78dd2bde68cbe75ce5a0afba9013','142560425562925b9ec56f22.30230119',''),(599,'ojidrn','1a70ec419fc139a0321ffe4f97774ad4','166381551062925b9ec5f960.95270395',''),(600,'wschdz','3ab608caf819103fb9ad0db85f208562','122552767362925b9ec669b3.74541192',''),(601,'vuosam','0cd610f0bd0cbce57dfb19b000743ffa','162627086062925b9ec6f3d7.62050888',''),(602,'eirvaz','984f4ae50d2500712c1d5b275f1b96bf','1058724562925be2808f12.89866341',''),(603,'jukhfw','2506a247a9b2ca630eaed92b92c325de','163458392162925be283fe20.57840655',''),(604,'bhvkzd','915f04616af760f4f23e73101c95b11f','71489898162925be284e714.61722002',''),(605,'kajiwc','17c3ca71b6a062aab21404170d240d01','187646198662925be2859760.68771042',''),(606,'qhjdnm','44dc4f8e6c918eb6b5546eccf6a14d21','152032995862925be2863879.43099003',''),(607,'fexgyo','d539482e991a9cb08bd65b98e6cb87b5','114074739562925be286ef30.96823527',''),(608,'mylxqk','8a4e99e13ca9a949c2299e255ab54563','59343776262925be2879b74.70593057',''),(609,'ezwjhp','2597ac014d5df6bbb7d29b184f589006','41038103262925be2883782.38351814',''),(610,'mebpjs','f01db94adfb59bd1b7ae84967ec42533','68336874662925be288a7f4.36798507',''),(611,'negvjd','b73ef117c12f5fd355e647d611ab58d1','55319495062925be2893e04.72273735',''),(612,'iajegq','fcbd31458edad294ac91674d738a7921','92806563762925be289d0b5.48706315',''),(613,'tcxyiz','d49f5258ad98225bd4d4616e57f76745','190806917362925be28a74c5.72652989',''),(614,'jnmwly','f413a1d7e9b6ead125b57287a1233ea8','207518903962925be28b0218.74150070',''),(615,'yunbtv','42e2558297fa803d9ce2364469a3cfa9','155812210862925be28b7d26.67825548',''),(616,'ybiqlp','21aa1679a09edb11fbeb704bd4e1485f','129118429362925be28c0b27.73358528',''),(617,'cgvafy','5198d2bd35aa5aec9832be3aa8e8607a','192946930662925be28c8c00.39472034',''),(618,'xaebsy','71ecd4dcc720320f5e64a523953d6d93','92028967762925be28d2739.45020004',''),(619,'jqrctl','6058afad805c28aa3267bf36bc99ec57','122413453862925be28d98d7.81669824',''),(620,'izbwcn','2c8998f03691897ad37d4713ec1d4f57','211296908662925be28e76f4.56735315',''),(621,'tzhira','e8030557c623e2981a4fd874cab1fcb7','101362336562925be28f0c98.98532682',''),(622,'hecpwo','dcf95a7dda7bd680a429db3981cde532','197196435862925be28f7e33.75137732',''),(623,'wfpmdv','5e65b435c2e8805c41e784445e724d77','118048594062925be2902df8.71239929',''),(624,'bukncy','e0bd5adf46aa02a00acf631422fd298b','37415722162925be290ce74.47058057',''),(625,'oukmpb','ff9ad95fda428b282abecdeb6645a25e','22238208162925be2915bf9.77957080',''),(626,'fpklsj','7e02a9946a4320e54357b43991e2f068','86491633762925be2920521.49316038',''),(627,'dvfzgl','0382b6323d41ee1f1b1b238859358bd1','213058378062925be2926ff8.32511458',''),(628,'evskdu','c20f8d8c6d206ee0d4421526a4178cb5','145519838862925be292f7e4.83785523',''),(629,'fowmjh','61a7cafbcfc063b9026703cc8f6e3f6c','90888527962925be2937663.64854596',''),(630,'hdrktc','57a50ba3b1ff8e07dd0c75ccd4d52571','171001536762925be293fac7.43249564',''),(631,'pkzlit','ad2337d2e06b56ffcc8c23eb30b3d25a','89699346162925be2946d21.89405281',''),(632,'aryxgo','eb9c75341875c18ca074addfb93f6de4','2135290362925be294fbd9.21580259',''),(633,'ylswci','6c0b430470772506f0dd0e46e1e09df8','16204025762925be2957fe6.01409081',''),(634,'labxnt','d61d43ce1c7fccd4529bc87fa5fa6b57','47512365862925be29633c8.16904304',''),(635,'jlwarf','1c3a69d65096d203d1e6bee3e4c9ebdd','157705088062925be296de07.22196166',''),(636,'iqgpsm','2a663e1143f6bce2e06f65144bab757f','186857193362925be29753e9.15659300',''),(637,'czsolu','ea9167dad5f4f317d422bab42965ea34','167865051462925be29807f0.05637441',''),(638,'wxyfva','c72b597a64ae1a103a82b37776423a35','211049800162925be2986ff9.06898131',''),(639,'dmkjrt','9c301a5200a94407250f0c7c51b0604a','135712951562925be2994404.67173577',''),(640,'fbrdha','c538b2bf63586e4ca958cc0cc3765b53','84212824962925be29af9c4.34757077',''),(641,'sfuorc','b58cfd452c4792a7c7d061f68f27d655','8505347462925be29b93b4.45429081',''),(642,'kpymda','3e2abfab8611fdfec6e7d13bfc805365','98113737962925be29c3ac6.80633646',''),(643,'izbakf','82f91e56bc24aafee5dd888bb0e793ea','117101329262925be29ccb64.26317204',''),(644,'ucenxl','56cf335983dcb9f06d7346788199bd56','62840082262925be29d4793.79578513',''),(645,'uzlsoj','ae0ed3e963ba511b40180da19855d214','154760180162925be29dd558.21231588',''),(646,'sftdgq','d8d4ea4c9ebfac82c24eb33bde7e7aee','67459265762925be29e5065.69315634',''),(647,'ktcvbm','752e56f72777f87cb632009b33f39e56','26722024162925be29eeee5.88355442',''),(648,'iyqvbx','c46f32ef5cf6d904c4fb7decda720b25','868699162925be29f8e68.94831649',''),(649,'wdsgib','43c82c8215746d4d6826783fa44662d2','121895554062925be2a00c51.54174767',''),(650,'btuyps','b0e3d75ddb35d5a932258417b632c955','94035992862925be2a09f65.67630574',''),(651,'nmdzbk','0037c7225b7d5c19d52eac9f300c2d58','67149954762925be2a108a9.93102591',''),(652,'blqxte','c0e3c2e4991d8b5cc8a3b5aa46c11a0e','214232556662925be2a35f66.44662012',''),(653,'xgtpjm','2216c75ef86dfcf5408a0d2e6a8503af','60622715562925be2a3eff2.02650316',''),(654,'gmjcbd','3bcbc1e3bf760a6d5cc7bccfec07e27e','60692307362925be2a4b9d2.38245853',''),(655,'ucaxyw','5103aebfaf832c32c6830129d20e8595','118244833062925be2a53c82.50575597',''),(656,'ouiaqf','e3781b04f2d24f5306a762ae9f23cab2','41482266862925be2a5c892.09556144',''),(657,'kphlso','61df4c0fcc70b952296249bb097cafc5','77394607162925be2a67135.51852590',''),(658,'trqexv','6ddb418a25129005b4aa8cab025a559e','208563838962925be2a6d346.55533672',''),(659,'xysdok','2ad33435624fc38acb8184a422e6cdfe','101914505362925be2a75e51.96063517',''),(660,'cmknyx','451e58654f193378ee8fa0a81992e53a','193546193162925be2a7da42.13122571',''),(661,'gurlvw','0d667c46e789db122e88486e2f737153','7726846462925be2a86a94.51790841',''),(662,'zhqcxe','e338222cb70c1c7af1a8a5932b054a2d','89322591362925be2a8d619.17665304',''),(663,'vnpcmt','365d5f31a28a4e0bc289a428f63399bc','84318306162925be2a96349.84386616',''),(664,'jyhmag','e68b7d5875d092fb069ab77c5dd77d52','30655079562925be2a9c517.79058807',''),(665,'mavitx','784085d7dab2f6c5b1b50415a8fad4e3','61709188162925be2aa5336.24457641',''),(666,'mveops','7295e98f672e529a7968d087a2e5ec4d','209372794862925be2aab946.56830955',''),(667,'ovtlnf','623dabfe0caba4335c0d68402f816093','133671373862925be2ab3f90.16022697',''),(668,'mcpzlj','d80e10b19c56cc6560d06fee2c2267d2','173261188162925be2abc159.33770371',''),(669,'jxzfil','df06beb6c950e2425e02639246affedd','123404136762925be2ac90d0.34195913',''),(670,'sfnjri','b2eb0e1c15c62c9fd39eb25a796ace79','89980285762925be2ad0da8.07169033',''),(671,'ycbfrs','2893fcafc68569065245751b5c2b6c50','161074425362925be2ad9537.15934183',''),(672,'ghlocf','855e18d26041ae9f6071e183330d6985','87173132562925be2ae8422.23287221',''),(673,'prjqbv','8ef8f36e21c6491f75e8637b29e739cf','175547922062925be2aeecd0.25749815',''),(674,'lnaeqc','d99d7f6d951b617498829ef4094de7bc','164143077562925be2af7fc8.09016301',''),(675,'fcjiqz','11bc7eff4e4a749881c61a1a0334b875','150123223562925be2afea23.31456439',''),(676,'picltd','5c7c253c2e625e9bd16a825df4aa7127','24640218062925be2b071f5.40505968',''),(677,'tuoasx','a0cddcda90197d5f2ce8e147ae9fa32c','86030934762925be2b0f4e6.16400377',''),(678,'etspnj','db496751ff0ee361bddd266a8401b817','205149228562925be2b19695.11632536',''),(679,'zrykus','e2e1266bdb478aad2a140fcb6ad5840f','178259127762925be2b228c5.47412231',''),(680,'qkxbph','b3d0139ef32d0dfaffa32529988dbb6b','197622079762925be2b2aea7.76844121',''),(681,'kbtovs','6d95a166aba839513f86fd1d30567d89','195246555062925be2b34210.09877769',''),(682,'mejiah','a6670d0b31efd38a8bb82b88b63acde5','161397403862925be2b3aab5.71165417',''),(683,'cbgzfy','57f71ca68f883aef36296c0ab88109da','169410621262925be2b43855.04669524',''),(684,'kbjrgd','c7e93fd82a8cf9039bc313db0a71328c','22220924562925be2b4df79.86951079',''),(685,'fgzakh','d2361315d86a2714fa2a30bd2dd8f12e','64886148362925be2b56d06.70357116',''),(686,'epltyu','da1ba87c7329f3dd7f2191284f5eed48','94865974162925be2b61c54.54623983',''),(687,'vrjkyh','a80e8c4b42167498b0eb0af95364e520','124854375962925be2b6be12.39256534',''),(688,'iowuhs','14ac670cfce7228385dd57fd7045b31b','200299775162925be2b76de4.16899592',''),(689,'rpcdui','86e30abc112d310b4d03c94e17f21762','167957346062925be2b7fef0.32003395',''),(690,'pbzrwo','a2a9b40b5414201ef47a6756067f6f4f','158552083962925be2b863b7.95574683',''),(691,'hbymgs','1d5ce030fff45b85b46b7a39b5cf3b32','160772322362925be2b8f206.29064180',''),(692,'jtdzvk','241b0d81ec71cf71bf5ab38c720dce96','127503092962925be2b95b51.08919099',''),(693,'mxpjrn','c8d819950a8b11897768b4f4a61d3869','100548182862925be2b9e679.60075097',''),(694,'zogkav','a318739cc482ff7c2dc108f215e601f7','115704745162925be2ba6c93.82596756',''),(695,'ackhwi','63b26692e377d49e12e30bc86ab6e041','103138574362925be2bb22e9.83051432',''),(696,'yevbmh','d651b0550dd5ec172888311dc3ea4fdb','157737707262925be2bb8dc0.34818280',''),(697,'votipg','d70a90c0bdb15b6eb965909fc88fcb5c','160106817262925be2bc17f0.43218828',''),(698,'czabih','3e5ba23988c502f06b9eee30bc18c2a0','195351481762925be2bc92d2.23839670',''),(699,'rqizuv','88783573e37a386aa3ecfa3bb27e178e','97460125562925be2bd6873.56998454',''),(700,'ejlcvw','367d0afc0f926077b555eea31ce5827b','73371697662925be2bdf7f8.03514206',''),(701,'bjtmxn','78fdca9432553265cf60b62f93276bff','42667472862925be2be8118.79005960',''),(702,'fwgiqd','18d836511a246edb4fa6969277ff661c','172890427462925c609f0b67.22516043',''),(703,'xesaik','c0646be11a3b9bd206d5e2c0452c4881','183265637362925c60a144a5.67583329',''),(704,'aiscjw','237a2b6eb8aa47d5785f96112d28ef6d','210140637462925c60a1e417.10643778',''),(705,'hdkvpi','84fa392ac07dc8cd08e5f58429a88513','62174675962925c60a28960.31791457',''),(706,'mpygel','d7bf4b8828862c0f4d01ed52b0219b27','154912085462925c60a30918.72715011',''),(707,'orsnyq','5edef5bd8f5b6aaccc1a028501542373','56367414162925c60a3a730.94886876',''),(708,'nalogd','ec7ea28e2cf51fd051e5f2dd5f733211','156613961262925c60a42438.69276738',''),(709,'bkwvre','ef958436922251112870e452df8eeb93','108899612262925c60a4bfa2.99662622',''),(710,'krnmpq','67d15e49b67179458824ebc0eda17100','107639253862925c60a53c94.79366656',''),(711,'tucgnd','0499f5e47f17d76d74ec76ae63f1c524','153638380362925c60a5cb60.00036509',''),(712,'cdtvkn','75d3ed3551f50f3b8c585ce504ad820a','33843256962925c60a67451.34493004',''),(713,'lcuqpn','d4d55c799440ee1f52213ad0a3db8132','61802668962925c60a6e290.53518957',''),(714,'tkprbs','cd44897e2422a545215b80df1acc3fd2','100134625262925c60a772b7.23421042',''),(715,'clgfmo','7db691e833c3acc2d7d9489130d25e02','44239680062925c60a7ec21.24832785',''),(716,'nehsgf','79158a64d45b0b97d960ab43ef5a3e52','111367673762925c60a88070.14746918',''),(717,'twcoql','975a57fc73e87e4ea3cf7ca4f4e5f679','65026597562925c60a8f036.82033744',''),(718,'fkgnjw','c31843f610c5692d502d63ce101da15f','140519049962925c60a9c1b4.49729223',''),(719,'xkubdl','2cb6efd223469b0ad990dedfe517d15c','81481159662925c60aa5187.42342124',''),(720,'hqfcrj','5e92370013922e472f429b9e1c73ad8c','69355117562925c60aacc40.81706919',''),(721,'makisj','a36af3df6dfb418b39874d183055bf26','146453061762925c60ab6482.51395099',''),(722,'zhscuv','9a9992e20524d313f408d84bbec31bd6','7251496462925c60abd0c1.75201311',''),(723,'mterdg','2214f1d5e91365db5391e8604609721e','73070710462925c60ac5bd5.52143854',''),(724,'hjzovk','18ff83ff72cd1488dd3d522c7c6f49d7','174314390862925c60acc675.35047356',''),(725,'ydetli','7b91a32586626cd596f5fede0d656cbc','196916253562925c60ad53d7.10547397',''),(726,'fntpoy','1154be9e12abf23fc080a69e7ed88b38','100009915762925c60add1b1.43137952',''),(727,'mqldxy','cc64a534dd28631adb020219d14dd269','171469880162925c60ae6051.68238701',''),(728,'wnbkeq','875b8c04997a026156836f5a0a072406','200140267462925c60aee068.05165847',''),(729,'vfxzra','384b144df21ca89cc21bd89ab34aae18','115412668562925c60af7800.55791178',''),(730,'cpfylj','ed9cbb1ab094670a9ab1b29f170852f1','152483456162925c60afe637.52381572',''),(731,'ctmavd','a997088758492d1828b8c64d9cc44df9','44874795862925c60b07048.33220699',''),(732,'rsnbuv','3c2d9de65db1e30b46a34deba0d0999c','3431030562925c60b0f116.60089691',''),(733,'mjznsu','47ec8e4b4670ff4a4181d9b2cf048d94','176684613462925c60b17ed5.41818106',''),(734,'rtqzns','a075e8888fbb5700275d93189c459f40','191679404762925c60b22531.98438325',''),(735,'bymgdw','4ce4e2e8b97007fe630e5f199852810e','207815191462925c60b28ae1.07162246',''),(736,'omhwcs','d14c3d82f3f1e61199604d734621eb68','74212310962925c60b31822.44691999',''),(737,'xgychl','7fc722aff871bc7c3dd7ff04ebba6591','143550686462925c60b38113.63103113',''),(738,'gmtaiv','3eba6e5fff4a610b57fa7029c9d8b0b9','17424765262925c60b40fc9.86985783',''),(739,'wtbehq','70264268b37e8e281169875bcea334a2','131143151262925c60b47da1.05227299',''),(740,'pfqwrz','e498e8bc20d2632572a03ecf2b966b30','152973761362925c60b509e6.09341232',''),(741,'cyhlio','df66ed5d0df8ca4e22ebd03ea19f545c','127713016562925c60b589f1.06336483',''),(742,'ibynxa','c91e2c0567af702be7ba9e003d03357e','180032958762925c60b61255.80176707',''),(743,'cnldzy','195f337c94f22eb0c653199e744664d3','154346922862925c60b67e37.57286191',''),(744,'qgkzdo','3241dd7a72e3857451c9fd25f8af73d7','30819595462925c60b70e19.59710002',''),(745,'wnrkzt','b0f67012e2272f2ddfdd5710969b5fbe','90655785262925c60b78913.26466675',''),(746,'nihbtz','a96eee609fe4d7ee5d3493c0ed2b68f0','186930124862925c60b81a70.23641573',''),(747,'jcoupv','0bd35d6d18f3016db47676d1773bd700','169193779062925c60b88374.99841945',''),(748,'pevlox','5ea31937c043212d6b43d94b962c10aa','158821948962925c60b95488.83755380',''),(749,'qvmcxo','c04ee724e40beb6862c78a2ddc9eabe7','200458925862925c60bcf798.65582336',''),(750,'xsknrt','aa97e9133ab3298dd4829a0ba17ed1a9','60853122762925c60bd9cf3.40440509',''),(751,'wuikct','3428cd7816daf7e3286fa8281c20e1b7','158621082962925c60be37a5.38466829',''),(752,'eurjvc','279f3bf821fcbbefd06a3a9181184f57','21670234462925c60bec4f1.00776747',''),(753,'bzcfip','75b4345e8d75e7a4a29047ff2f67ed38','179702536862925c60bf45a2.62087089',''),(754,'yfmjrt','8122af2c574623be8a90e8f0d5d52201','138411798862925c60bfd525.12245624',''),(755,'pdxogw','fdc880e16edf2e038cb9a16ee05a500e','138352823762925c60c039c0.91063879',''),(756,'aguens','9f73a700f181aa21d2eb02a5d2b0aebd','169671305562925c60c0c832.41580633',''),(757,'txrcih','0a8418e653698e8579c06c7f904d2e21','79625532362925c60c34226.11057810',''),(758,'mstrez','8584aa2b8fe17454b02b851bdb67c856','76482587562925c60c40940.49258794',''),(759,'xsnvej','e5dc473a448a613e8eb76144b7d85c4b','179358432762925c60c46df0.68002325',''),(760,'loqerh','55f6a7b2a71755c3607913465fc1412d','91356239462925c60c4f6e4.65066235',''),(761,'cdkquy','c94503b265d5b909bd74059f198e20f5','209215030762925c60c56e74.33562158',''),(762,'vyulib','901e092a8eaadd48562b170527dfb37c','175372366562925c60c5f8b0.40216629',''),(763,'gkcizo','2bd6b4f08511f2a5fdc165beb8449bd4','174937022862925c60c67674.08695817',''),(764,'enhmyd','5853d082e510deb2681494c96162e76b','177648868462925c60c704f8.90804475',''),(765,'nzroik','80ffb0056538f211b95ddee93e92f852','5361071662925c60c79b77.86475223',''),(766,'jnecmz','488a606e7f471dd5fa6067ed679a5f0e','136612373962925c60c81e99.54125354',''),(767,'eygudi','960bc066416709b8ae67e0d4e24f459a','204892324662925c60c8af41.17340395',''),(768,'uzytdi','e27132fe2a0cd09114bf94b56c57f6da','120023415862925c60c93556.70843536',''),(769,'qsopjg','54118932d52de619c992421c667038f6','88267062462925c60c9c672.24910413',''),(770,'aidqtw','2afc0288b101411b48a00c74bd582bbc','191953751162925c60ca31b8.71322322',''),(771,'mofebu','a08b0d5f30e02660c8294ace8c611d53','27030152262925c60cab9d0.88453673',''),(772,'dpwatv','cb15adfb0a13ca48909af5c5810fc9ed','18218589262925c60cb3933.53966997',''),(773,'zrlwge','6eb00585f37a8f7d9bf5c223193f2130','165500875962925c60cc0331.35497573',''),(774,'bxfijm','15d44a7c248a1e7cbf0f309d5785bb70','27327189162925c60ccb362.86080441',''),(775,'kdypsa','bd924cfe6b9df3c4b1a626635ba5b152','85050751262925c60cd20e1.18134301',''),(776,'hldapm','b1b67c68be2e8fdf3c61c34033ee68c3','209741141762925c60cdc6e3.41182538',''),(777,'vhqacn','8eaaec48e8b2c954966911f37e902dde','71230246062925c60ce71e1.08835020',''),(778,'baicdo','15a22c303443405bac09c116d1ca52eb','197490202262925c60cefd40.16172694',''),(779,'uagpxt','bd277ac99ccb05c10436e739fd28c4c8','84816882362925c60cfb448.07718534',''),(780,'ncgjfy','23ce50cce24d848d7924b41e9f12fa03','77951396262925c60d020b3.71272561',''),(781,'ptcbxe','ca9580482b75fea166e97cdb07bcdde9','3383937262925c60d0cb70.97835680',''),(782,'ntdrjw','318439bc026a671f0261fd38668863a5','194957225162925c60d16c13.45423401',''),(783,'beniuj','4170e3192d8e1c103562e00543d04e3f','50664656562925c60d20ed5.77609509',''),(784,'drwzgp','958f9f3238b631bd38df1e2f11a25db8','178261411062925c60d29ca8.39674851',''),(785,'fevziq','dcbcb6ea37211e3ccc89281881d5cb44','28973370162925c60d304a7.58765884',''),(786,'pywgit','267332647a0233f353894350fe08ec0a','144766503162925c60d3aee7.36367119',''),(787,'afxino','2eb6bdcebdd3b75a618974cbffc4de51','70520049862925c60d44563.22995538',''),(788,'blzdme','d0adfe5a66461f73a1c9278349286342','149774837162925c60d4a9e0.78158744',''),(789,'tophmx','6442cfd09ebdf4ba4c793edf504a27a6','130394112862925c60d54158.68937529',''),(790,'aonifm','3aab9b17fefde3f7ab43272d1eb393cb','36782550462925c60d5b6a3.47722453',''),(791,'huliwm','bea661ca4f7fbbc5141b25d54e348579','11872272162925c60d647f8.12721807',''),(792,'zboend','ea22a2440902e90e4b3c5b8e30ebcd68','129396172262925c60d6f682.28353323',''),(793,'kgzsrf','78ab01d15524643d837565b8a4ad81aa','212601948362925c60d785e9.11745932',''),(794,'kzrdoy','b4b9f244665bf087175150759d93794a','113826002462925c60d81136.29490937',''),(795,'jkvlnp','600e4740b2f4cf4f649cef077e50a9f6','162151551462925c60da3f37.88031285',''),(796,'hnsvkc','dbcccc2463461645c7734c747b5a8a29','180604326962925c60dacfa0.31051768',''),(797,'ynvjhm','e9e842d83772e68f4aead15fcf6a1592','83080276362925c60db72f4.22318656',''),(798,'jcbsia','3d41d93249b73bfbde1aa876820a7e84','64992769462925c60dbd624.31852080',''),(799,'qhzraw','b851669e593c96e78179740243bb5cea','161711234162925c60dc6794.56450505',''),(800,'dlfzwa','50b0f6220639799544f40cd80e83d08f','106829574562925c60dcfa57.81304549',''),(801,'vlrtkq','a0c2b56205e08c1fdf2c8ef5c4927bf0','136719246562925c60dda756.93084357',''),(802,'oyxucv','9cbe18985d46db799a471f862eb017e1','62955118462925fa2959577.75012625',''),(803,'dvatgb','878fce631d6c2ddaf11dccdb5e60def3','132143367762925fa2984196.81409478',''),(804,'aqsxlw','fb0a7f2bbe4a960d0efb6b4c34adb694','112721456962925fa2992b82.04177629',''),(805,'uadrhf','5c0aea8248ffb7dfb4986f73894ff2f4','59644767062925fa299d211.67103970',''),(806,'dksgzy','4d86afa0d19487348a6564682669baad','112692539362925fa29a68b9.46000873',''),(807,'eiqbdm','1d21d0d5afc39979e31e11f0f2edb5ba','34596696462925fa29b4283.04139801',''),(808,'jlzkwa','263047a8971f0e71b5774e3148bce2c1','209556360062925fa29bb5f1.31552414',''),(809,'opniey','695f0ebd94585751d65c3ca03cd4c102','20182351262925fa29c5db7.29391521',''),(810,'kadrpt','609c34b65ef5a09dc84d81c6b2bd1fe5','74934081862925fa29d0726.44316655',''),(811,'dgkmpe','7446a1a0bd2c06929fb11f6c5b5e933d','208813016162925fa29d9607.90038568',''),(812,'pwalje','29a7f0c38b03b8e995b4614b88eb861c','16414246862925fa29e43e2.58600229',''),(813,'wenaqh','038e5dc6a303f1f18d2feacbd82e042f','35811690762925fa29f0dd0.87816797',''),(814,'cnlkjw','b3cea96abadf85adfbabedcd046b4fc7','83997684962925fa29f81c6.95302922',''),(815,'gmyjbi','c083e95bb7c745f983da44720f5c86d0','123776305162925fa2a019e2.89210742',''),(816,'gbhzol','3e21087ad98abcd5b9a9c461d2eca73e','158054071462925fa2a09149.07442004',''),(817,'gyxobn','c8536e2f53210b4eae988d16b027e6e5','64527087162925fa2a12d34.90146700',''),(818,'kpmjta','1a8151407f871636fe4414566c8bf6b3','23364854162925fa2a1c5d1.72796036',''),(819,'yofpnr','3f775ebaa0969664c91fe44d0935c0bc','139611213562925fa2a22bd1.44698832',''),(820,'efroky','7d67e643acb2d64ad035d2e0fe500f05','131258060662925fa2a29b64.90278155',''),(821,'xkefop','5833e50d01dbea1b87f7ce88536357ad','80492654162925fa2a3a6a1.67487168',''),(822,'ynxsfj','48b2b63686d814a13087b1d76268b623','65494685362925fa2a494c6.32249234',''),(823,'gnlwfb','83dccbe20b3f864aef6c841b3b5ccc42','49952232562925fa2a56396.29601801',''),(824,'zpdikx','a8ee50ab1bb48506cd5763b42c163b0b','36313790362925fa2a60758.97172227',''),(825,'nrstmu','a276514b72d456324e8c794e9ecc74c1','95142774462925fa2a66be9.34813296',''),(826,'ioulmg','85374eef22ae32d915ec3344d1dea4bc','77694365662925fa2a6fa06.54969424',''),(827,'jznyvp','f61ecf7d7cc054fa920f62f5afa9b8e6','31686928262925fa2a77a01.78944276',''),(828,'dlynft','a9d48793a192b5aa6aa07cf2163c679d','69485337362925fa2a828a7.20098108',''),(829,'dthlne','571c25c974d52465778c1817db8f32a2','198557678662925fa2a8df35.40006437',''),(830,'bsemju','f6c63a984daef60886dfdc79a85ccdd4','24660194462925fa2a96e70.80661682',''),(831,'snzxkv','314ffb33084d5472f760573108ec8a25','77501958062925fa2aa01a7.04118222',''),(832,'rqmbfo','c9590fd34bcdac6b7cffd4577a7117a2','33739256562925fa2aa9175.67996253',''),(833,'emajdx','533375b058695ac03dc051c98b9218cf','199410710862925fa2aafaf4.31149593',''),(834,'uraynf','ad5859c0c3a37260e6ef1178cfe58a79','181223674162925fa2ab93b6.73662858',''),(835,'gzivwu','293a4401ead5beca49d2cc9c7c71e528','65398022662925fa2ac15c6.73277785',''),(836,'lewskp','e752d88faba55efabeaedae48c29157a','145544929862925fa2acd360.01525686',''),(837,'xvyznj','4c9d673341e96e795f382623c88a3132','185428424162925fa2ad9826.09878731',''),(838,'jyfvbm','d3f0c99525dcb95986cbabc37a086d1b','36376766662925fa2ae3197.55291013',''),(839,'qvfmnk','2042922312a50a2283aa2cbea5ad4a10','20834743462925fa2aec465.36043177',''),(840,'ykzdwu','fa19173d650567b0e489d6d7ea235f6a','110582439662925fa2af2d84.38045581',''),(841,'csdprw','c9f73cf195980680ce1890d1b7112ee9','128638036962925fa2afbf30.16021619',''),(842,'jodrmk','315fcd025f8e33936c4549733bf840aa','61841670362925fa2b02f94.68176195',''),(843,'bugxap','94462907c90a9c30151184e44f0e7d5c','173126160762925fa2b0e408.44800770',''),(844,'zebvdl','c4aaa7325f6a0aa169e0ac330544907e','42829311162925fa2b17f11.31604017',''),(845,'merwof','d01eeb4379d423790ee8bc6239cddea6','120358799462925fa2b1fcf9.05742192',''),(846,'rwlxcd','bf5d8cbc7f51bf270659e57824731a1d','115500325062925fa2b29018.34877934',''),(847,'faxtcl','4e5f00cc93e29b7d3bf5701e7f801f2a','153530738162925fa2b2f6f0.57379179',''),(848,'unyqfi','dfcb7d85d30fd9882f3aec8764f8b724','168742378462925fa2b384e8.79877686',''),(849,'foncvk','dc45ff08cff907b8c3aa72a192fe3f07','131012847162925fa2b3eb34.60116160',''),(850,'ovsebg','a51a7457ac6d89f3b081fe4b9ab1979c','71215795362925fa2b478e4.82690711',''),(851,'qyczxa','eeaba315f5621e893c572f00aff24c48','174590454462925fa2b4f359.84286552',''),(852,'gixwec','af591160e36243e92f30f7f9a789e8ad','65021975662925fa2b5a564.61012833',''),(853,'wfitsb','d838aaa0020e074fcc95de7e08bdc9d6','116569933062925fa2b60a18.19182371',''),(854,'xgphws','d1431ac9b2a60550be0ea68946045ace','17025677062925fa2b69af2.22619178',''),(855,'vjgwbz','e9143b6ad1500b6e48190c6563844524','199554356662925fa2b704e1.64556822',''),(856,'cdxyat','e2103ee23b6c63d11c4d46192704b544','136590504862925fa2b7b087.08710546',''),(857,'znksgc','8c849218a05670f76bb9bbf4899d93d7','40590525662925fa2b83d09.71217156',''),(858,'sivfkm','0aaddbc0026d30aad69d35445a23eb11','137568011762925fa2b8b991.63497395',''),(859,'ngmyxd','7645ecb993929ee1dd72749a0f2144a9','17889551562925fa2b94b86.48960403',''),(860,'bclpsy','b513ec2e92d777866fc4d970fd5828fc','112656682762925fa2b9c387.46296598',''),(861,'zdfqam','a52d7a9ddde4bc4ccd5f30234047cd10','173331375862925fa2ba6ef9.67077991',''),(862,'kucalr','09244d5cd423448a7e0002752e9d869b','15008849662925fa2baecf9.09238778',''),(863,'zymufn','ca8690d11bde50dcc2dfb0c8f8c54b1a','196737118562925fa2bb8f03.77807350',''),(864,'dljbku','c338f8db90e8064e76eac16c1163aa1d','78590979162925fa2bc4925.57020143',''),(865,'cbadxv','c670626764009894ae8ca6b27a18d57e','166713549762925fa2bcc513.56601553',''),(866,'fgbtso','b4829f09f8125de5aa2b0df579f63849','187273757662925fa2bd58b0.62134558',''),(867,'gxnkhd','3e63956c1e303b00c29f77091cea1877','192740629962925fa2be2fc0.67223861',''),(868,'gnjdxc','d52ed39cac26aeaee8f3b896fc109787','62350359062925fa2bebfb4.35455466',''),(869,'xgwcpm','46e91202e1d3e0bd7a8f7430fb670534','141708462362925fa2bf4809.07903136',''),(870,'djnysv','b7ab5fcc5abe00f58bd461340808752c','31185048662925fa2bfddf3.48336015',''),(871,'kyrjfo','51e15222bebfb353f69890cfdf5d7e26','32705392062925fa2c0a495.68242999',''),(872,'jeuqvp','4fd1ecab0b0e40e967be3623a20ad93c','160037326762925fa2c14ca7.44775117',''),(873,'oulbry','12eb00fa2a21d3da954d9be892a641cb','168745188262925fa2c1bba8.28618136',''),(874,'ezqcmr','41adb02cd896874d6c0cdf3b842554ce','201635881262925fa2c265c7.05040689',''),(875,'xqujny','135e1efe2b2bd2f186bf76e34291f5ed','122412536762925fa2c2ce71.68223644',''),(876,'lfxhku','491a15d519194fc139ae50268d6df031','194629044362925fa2c35d71.33289660',''),(877,'nceyqu','daea4d0e53c5fbd4cc60f45b068673e4','58340505062925fa2c3c2e8.17956983',''),(878,'mlipxz','19687ae699791cfedff6ac2675f10959','74929262462925fa2c45192.80675125',''),(879,'oayhdm','9d66ae06e839d4273970b8fdd053bd8d','15875506862925fa2c4c3b0.01985849',''),(880,'cyngaw','3d1bb3c52fc8830c472cc460f3d503e6','69317081562925fa2c55352.71513007',''),(881,'ujbkio','2fd94b0c7ad9d33ed8bdd48fff8802b1','68931952262925fa2c5bdc3.62371686',''),(882,'tysecm','f79668eb5df95cd44668643e360f5d57','7333544262925fa2c64d26.30671994',''),(883,'xjguqi','28ef5fe3f384befd1933f179104d1831','167856748362925fa2c6b5b9.48817332',''),(884,'kotwuz','4547f709780554b549d08fb9419548b2','72549844762925fa2c74536.24315884',''),(885,'isgxcd','a5f71b552ab355e4edb3b9e61da69f19','34743785962925fa2c828c5.70105901',''),(886,'axbszp','d1e3707a06b98de4a02e01d9c5a37159','33820565362925fa2c89405.59000552',''),(887,'jluqmd','a1cef29f4810cafc2093eb6d08eb6ea3','210126762925fa2c931e8.27000889',''),(888,'sreaoc','b32e8dad5661a3d51423093408d9dc4d','187942774462925fa2c9a1b1.55980852',''),(889,'wecfpj','31b11b104d21eb3d0e27a8b676f85462','145582400262925fa2ca2b32.01283920',''),(890,'ympokd','ac00bedcb3ce09f01b04df05d32949a2','74974152062925fa2ca9942.09851407',''),(891,'xegbmv','f9a99e834adfe096fb72683750ab513e','171567317062925fa2cb2360.51873167',''),(892,'hjmiug','0afc9647fe5139a2c6eeccd1b790a417','193066794262925fa2cb9d79.73658241',''),(893,'chyuvz','33bee9ba7b6d9ee9071fe60742ca2d2d','30933135962925fa2cc22c1.01228728',''),(894,'rgwzep','3fb69b43c15c87e2c89e4805264be1f5','140304650262925fa2cc8615.19572616',''),(895,'zkfejn','675e31eb5d44e7aa2f1246d819569323','137379945162925fa2cd1371.07332104',''),(896,'kwbvxz','9da4ae38cb885c571dfd44b0d3f8dcd6','188324778862925fa2cd8e14.73493359',''),(897,'nptwle','f0bfe3b2723ee46d375cf4051fd970e2','81908380262925fa2ce16a6.37548228',''),(898,'fdbhjx','f956f0f8fe867b7a206dd2b527c3ef80','150916519562925fa2ce9659.60548132',''),(899,'ijhpwv','dacc35a0ef0725f58f7169123eeac20c','78882903062925fa2cf1cf4.68934940',''),(900,'ehsjkp','588972b4de7152422f3b18fc919209e4','58363573862925fa2cfc981.86265506',''),(901,'wghlme','c5f241fed1151a828529ebc3e21edcd2','14414419562925fa2d03c52.35546368',''),(902,'atphoe','a23907cc79f03c3a2840d87da2bfe8c2','22922462462925fe50deff7.53341999',''),(903,'fqgiuw','dd6fc1d7b7abbfa1358081bcbecedc0d','160445260862925fe50f8630.93750555',''),(904,'dncofu','02e5c8698d0f3893cfd1ed82aa8909b8','188847108962925fe5101e35.87975870',''),(905,'ckfrbl','4d9dfcaa85b33d8d73b528e18a646458','25024424762925fe510b009.32412036',''),(906,'otihfx','4dc00d8973e9dafd081ab6a1ed0bc721','139755879862925fe5114a86.61431572',''),(907,'ifzwho','183dd05817906200ac63b4dc4e469c21','185058055262925fe511aeb5.66720164',''),(908,'rewgmv','9254bb86c6c223261ea678a6879a2ae7','3334075462925fe5124165.68391913',''),(909,'kbuenl','b240900a2f7776f5eed01295b782e9df','54466001862925fe512b613.17521495',''),(910,'waxkjy','b3fec0a0fa57ae2494eec607a36edac7','37667640862925fe5133d29.41821226',''),(911,'hsejqg','cd8ce6a931f71d7ec5261b6f188fe775','178516022562925fe513bc28.55262115',''),(912,'tkyxoh','de76980f7f6fc86241a868f6505963f6','62293890462925fe5144cc7.29984702',''),(913,'wuchvo','f4e21e3ca2f69d09c6698e0e6e0647de','178971746462925fe514b7f1.51000754',''),(914,'vsdnet','150b290b3caba040c2305560e8f0a797','124072993662925fe5155462.68928004',''),(915,'kesgum','e4d6a184de041a913dc2d5822cb62458','153770116062925fe5160b09.96661719',''),(916,'zoftqx','420569b6091f9ca2f520b59d67f5052a','38328340362925fe516a454.66612531',''),(917,'vkmuez','847e9d37c213bcc916e9f71107e1d44b','182186312062925fe5173b45.07155432',''),(918,'nyltxb','7eaf83e037cdad5f66b47d203a976ac1','105191111062925fe517bad3.11925350',''),(919,'mbjawy','da6290c2e83796f59c41ccf76ce8370f','63022308462925fe5185b47.09380087',''),(920,'rgilvo','c7f7e5e6bd86d7120b0aa170575958a6','8020890062925fe518ca09.07790456',''),(921,'wlapdi','d8ec181791e8dd0a53547d49c6478c41','58115729962925fe5196549.94969880',''),(922,'rqabsf','d6cf19aed3b443689d2fe1a7c30e73ad','34589203862925fe51a23f4.51685971',''),(923,'borlpu','1f3dff008b7211b3e0e18afd1fd7ff70','209948667762925fe51a9c01.48880793',''),(924,'nacuoz','815ee68a000edbf67e43a9ec83d04773','184888881362925fe51b2a54.90679498',''),(925,'hgztqo','7f2f03096b38475c778fd4cd125fb13f','114722752362925fe51baef9.47050291',''),(926,'rtyagl','039a3abdfeb87edf57855782b3e094bd','122892188862925fe51c4087.98470764',''),(927,'gysmvz','61a2d27bcd66202b3342f2a2d55f8bea','76499652162925fe51ca446.44702958',''),(928,'dcetox','ba1db2fb2c411cf5aa2775924c9c50a7','131595397962925fe51d38a8.39925214',''),(929,'orwgvc','dce5d800b013fa37535f88932b96575e','101806476562925fe51da049.09007577',''),(930,'gyledo','0dd00a17f8e7b5b35bb08b751b70f61c','3421386462925fe51e8e63.67375863',''),(931,'edyvqa','e1fe78edaf3025ccd89f88fa5ca43e7c','110759836862925fe51f2317.14742366',''),(932,'ogyrcd','9fd85c1250fb084af42921c054ef8ba8','44110134262925fe51f8ad6.79739166',''),(933,'wplagx','34a86bdedc28c04363aee8a81f71023c','144479856262925fe5201ad8.98396009',''),(934,'zcpvon','71770d97c91a05cb2da95efaf686a339','4108616262925fe5207f49.16641250',''),(935,'felasv','dd34c4a6895e27844b3a2417f7c0abd2','153296043362925fe5210c98.05031969',''),(936,'ujrytg','1ef5eb12ac53b7973434736054f3c899','35965635562925fe5218dc3.62427582',''),(937,'ljcwpo','9ce9012daeadc90d78eaa005846c42de','100250331162925fe5221d55.72764477',''),(938,'niqkhy','f3a92e88571429616b3d8e3015508c6a','154290493762925fe5228874.23003864',''),(939,'aqehjg','a54842235eafc6b52601d22ce64a4582','188470186562925fe5231ae6.94819974',''),(940,'tueqar','7b59e7d13b96b1696c15c910c921fbba','157646872162925fe5239712.80975579',''),(941,'npiftr','9299b65290e8760c06f59cf76dd8e0e8','165823003162925fe5243006.29140959',''),(942,'djvesw','093f285b4164a2c6b7f1941dff384502','115317865862925fe524c587.71038728',''),(943,'nujgvb','9d97a8621302e926a15ba8530f993bee','189959553962925fe5252fd7.13809645',''),(944,'gzvrjx','7d6d54cc41fd41d62fe2b338a9b59409','166909986262925fe525b844.85360288',''),(945,'ghpxru','4ce632d44370852dc444aa2d9c890711','145902264762925fe5266a17.81584989',''),(946,'isvahb','878b26108d01f81729e2ca7411518249','178239854562925fe5274260.07626644',''),(947,'trqdbo','65aa64b3887e8e2fbc5bc942098810c4','205602003962925fe527d994.26768384',''),(948,'sckjza','a74df9a45356ea7bb60aa07191935a50','46644973562925fe5284969.69923025',''),(949,'almucw','971723eea2510999cdb09abf3eae41d7','211451327162925fe528d309.93113457',''),(950,'lsyegk','de9e0194326c2d13c4634c68143cd556','25501140562925fe5295149.82812705',''),(951,'nvflyt','a3d246cbb0ebd920a5f9aa62765a2c14','26617156862925fe52ae206.58497166',''),(952,'qljrzc','eefde3bbcac7331cca33af3285d7e20a','3593730662925fe52b92e4.17559605',''),(953,'fvumgn','5246c766a4b09485159c5c7fc86decb6','171614896362925fe52c20b5.47194715',''),(954,'wpjbna','583e3500646e4566c53c395225f3d889','60864699762925fe52cbfa3.11260871',''),(955,'qnawmk','9d767512f5151cfaac6c2485faaefbd3','67954050562925fe52d30d8.51132251',''),(956,'giawpn','cede0685e398166175800e7824fc87a8','84834328962925fe52dcb59.36925698',''),(957,'upznco','0e12edb0057c4f90e4d4bd4cfb1d5542','147805443662925fe52e3227.66527830',''),(958,'kwqysi','314684fce066b7c1fb3b6925d1d6f5df','39218040162925fe52eca09.32865436',''),(959,'qflxjs','af8cb71fb47e1fd5e127ebed793652ec','47789962562925fe52f4b56.74214796',''),(960,'hgcxar','3c66026dd392ed70c7b629fc7cad323e','44020428862925fe52fe257.31354498',''),(961,'hgmrnu','fae3bbbd094fcf07fec14b15d8210600','200177439662925fe53089a1.42738974',''),(962,'gzyuri','fb459fa2cb5f7cc6711ab53fca3739a3','53458917162925fe5311782.67355501',''),(963,'luokpq','91e0359fba09fad8cc45376fdd5ad062','121057828962925fe5319d72.74099075',''),(964,'uacwvm','9f8e8cb547153101ae1a556bf63aa175','25607200262925fe5322338.02694049',''),(965,'hzwlbv','52b9fd4020d31b16dfdddf235e909b4b','158966359362925fe532d1f7.22681416',''),(966,'xrsqgp','0e4489a285ae50f5cfc186002b7a678f','141712594962925fe5333a19.54771791',''),(967,'rdfeuo','f5a90224f1ded11a46797f657f21f43b','49328086962925fe533c6a9.75517888',''),(968,'jaimgs','3330516dad44c348460d1b2947b30614','29151532562925fe5344066.64302418',''),(969,'ifwuso','04a800c98c62e0fc6ebc8a962a87640d','100521009862925fe534eea5.09840047',''),(970,'hqkpob','b44a79564ab71b71821beae323a7cca3','11956087962925fe535d161.81121376',''),(971,'wrhjln','d2a446c071be21f55734aaf44f45846e','74786947762925fe5365fb2.36733509',''),(972,'yakiel','b228a3faa5966ea5da9e8009b83a5bf9','94141991762925fe536ca08.21229822',''),(973,'ntrxkv','70248aa29136257288313b6c89332d46','17027912562925fe53765d3.80602907',''),(974,'okmxez','ec05bb4ce582b28b8cc74e3699446344','12776366762925fe537c831.67997122',''),(975,'wxdhcn','d6b49e7cf6bd346b651215ef66001296','25628913562925fe53853e1.12607023',''),(976,'ynhupw','e54cac02da415cf6d4caa272c67ffbfc','43154114662925fe538d278.98299861',''),(977,'nmxjpb','988d233ce3a64aa90f6b65762a86b055','44787965862925fe5397f01.61772163',''),(978,'fescdr','74b416e2e11d6c19f659596bb5e7d2d5','212682514362925fe539ef86.38829685',''),(979,'lpohrs','8125149d492c5ad77a1bccf3a9c02b08','89170076362925fe53ab818.17725843',''),(980,'hkzcxi','6b119898aedf8599d0fef764ebe68d74','16849978862925fe53b6fb7.92280512',''),(981,'ichmln','9e8cb72a6e5e0b007accb6c04658a07e','70920258662925fe53bde89.07079681',''),(982,'fqwhmi','6bf4b5525110f408813870e0e94f623a','121462094862925fe53c6899.23926685',''),(983,'smpzfj','3c6ed8029f83c5e327713ddd4be3e458','73081161862925fe53ce9e8.57015895',''),(984,'lkionw','2330296abd9c7f8dd4715047cd55b73e','151674563362925fe53d7a38.99501151',''),(985,'aqlbez','fbdd16cff6b81eed436cb38a269a2291','111387332762925fe53dde96.32711734',''),(986,'anfpkm','e93cf8cec452a9af1588ceb15c64aaf2','168653754262925fe53e6ea1.39982667',''),(987,'tmwrps','a2172c307c3cb3a36230dd25cdb4fda9','106432064962925fe53ed5d7.21833802',''),(988,'zagxfk','8ed4965a2b1f44a69fbf2104331c5190','186978779562925fe53f5485.48905803',''),(989,'pjzbet','f7320729a6cf9b8f703fb412c55a8c73','10165956562925fe53fbee0.86737445',''),(990,'qjvmxe','c76e317ea4373760217be3d2d900ea8e','189014843562925fe5404b19.56124039',''),(991,'flvcqo','7dbf679a12c62c1e1aeb42ddd311df58','124111270162925fe540cce1.04645824',''),(992,'cerona','0b0d3757a6679a37ef9731f942c2ecb4','204870140762925fe5416170.43164794',''),(993,'tiwcsa','ff8a1bef8c348358f255d7474d57e70a','97354289562925fe541df14.90696628',''),(994,'cdylbf','cdd489e7d0aa9ae287617fcc650fd785','51464535762925fe5426519.91579877',''),(995,'tjpdik','260516ed9b6d4fa9944276d4ae591fac','3917277262925fe54314f4.87807548',''),(996,'hksabx','f2e745f82becbb97e166afdb2e1fc5f4','179391864662925fe543c9b6.25827618',''),(997,'ijxozt','dd5d747494735959275f7d588a41e018','208596496162925fe54468c3.48024745',''),(998,'nwiyvr','e70deb53e68eb815cd526a09f52f7f25','119430878362925fe5450549.88652281',''),(999,'ofmpdk','ad52ac4e760321558b0c84438a01cec5','200807214662925fe5458904.16980596',''),(1000,'qwzgiu','766bc8c46b4f7347de6b9194e95784a3','105546776662925fe5462885.35341791',''),(1001,'merfyx','dcfce4f92f8b70cb8abc4bb118cf168c','114014737662925fe5469633.31133324',''),(1002,'iczfsq','e6ef276ebe45cf1f7c602c66328ca9da','1171620996629260478b6ce9.93679947',''),(1003,'shykbx','83aecfcd28576aa8a6a3becff544470e','1134231038629260478dd941.87981908',''),(1004,'ygxpvl','2c4105790da640a9299fc1b84ff135b6','2134584527629260478e8407.81268456',''),(1005,'cqfyok','75d47a300d0a4ab8d188eeeb6e445895','1419929951629260478eeda7.33606646',''),(1006,'thmdly','70f389ab110fbef4ab599959b34e4e32','340613951629260478f7dd4.18204313',''),(1007,'mwnaju','ac4374e82916677a539e073677f1f394','1331545829629260478feaf9.03718560',''),(1008,'tslyie','b4c51bcd9ed572448be24d44cf0f9067','895922962926047908032.26115337',''),(1009,'vwksiz','48421394099ced94ad1a04ee5768afa5','76755178262926047913ba4.36214473',''),(1010,'hmwciy','9fafdffc60777dfa7807b158fddd141f','12597334296292604791cb45.98996603',''),(1011,'ilgqrb','bca4e43b943e6fb9c02f24758564b44f','191065606462926047927b53.66556967',''),(1012,'gvfdon','3f910bb13cef5d897610de5a79a601b7','3613033716292604792ecb9.67472008',''),(1013,'wdnjaf','c68ae1741a55c73dda1d519b9cae72f9','1049799200629260479380d9.19329776',''),(1014,'xgfvco','35c05c90504790886822092aa0179a14','15352470146292604793f194.70912900',''),(1015,'orqvdu','209e0e00d426060c24e0c669a85cfa43','189126516362926047948d17.69444719',''),(1016,'nshzak','79a68f6172d95a6c49ce6a7bef529577','126945326562926047953737.22056793',''),(1017,'mdawsz','de0c11b5084003992b41786b8d9f8205','4664422196292604795bf19.60076763',''),(1018,'surfvx','5b4cd25e2f8e3634acf52cec8575e6f1','77153693562926047967fc2.38114632',''),(1019,'zetarg','439dd402cf905cbf18f4b5c53cf59e3a','2084991639629260479745e0.33733670',''),(1020,'kmdzpr','f17c9047f4da332796b40aa9186a9925','5815560756292604797b9a7.80692494',''),(1021,'qclhwx','6c210ad2951fc2720f1817b273acac32','187023085262926047984693.45457387',''),(1022,'fqgsnk','c6ad200dbe803c600ecce53b49c50cfb','6096889496292604798b126.03516490',''),(1023,'pruvqa','1e2d18f62287a86f8c4ecf9d39995a27','33152255362926047994134.14844647',''),(1024,'lxmqgu','db2dec4abe16d825e30e68478c5d1d17','3838930756292604799f8a9.78649543',''),(1025,'nxibva','760a21e8e30239e91e91f526cbe04121','221198464629260479a9500.21726896',''),(1026,'yazgnj','75a6f8bd8cecdfe260880916431fd738','298068099629260479b2ff1.04493503',''),(1027,'chskrz','881d440db87296c636e04842f8792ea9','919751871629260479ba532.50897820',''),(1028,'bkzhvc','91a4bbb56499bcd69d2b75fba1d71388','1634369517629260479c3639.52548920',''),(1029,'zhxmfj','6135ab0c29e352170498d5ea189d3f92','405109015629260479c9aa3.69909842',''),(1030,'kgfsvo','61d0c80582eb1d6efb17a29aec8cbd00','1175749812629260479d2a50.66041782',''),(1031,'sinjvq','cabfa60dcd22c3df6f269cfa51c7d645','1104850688629260479da246.47531356',''),(1032,'psbrfk','30d1d1fbe99760c54aeef39f409a2bbc','207960414629260479e78e1.08404001',''),(1033,'zljdob','e7b9d9f66076bc0d3ba08f4b5ea4e81e','1300419622629260479f2037.17583472',''),(1034,'qmydcr','35ac79fd07762eba7222e654d5b65123','288601925629260479f8ee0.87965367',''),(1035,'fzqvog','f2152b244707943653a0e0466b9f7a28','59009128862926047a01d30.40002854',''),(1036,'hidztp','47578a8e232d440dab0338f83ac1a791','189205023262926047a089a1.18571519',''),(1037,'dlbyiu','768365c8b9810fcfad13c2d689b44abf','37010736562926047a11697.71217771',''),(1038,'uvopnc','36e1fdbe588d6939d1e073477863050d','46144950462926047a17c86.75436611',''),(1039,'ucfzjv','4ff547b587a59c1ecdf30a2599666791','144418632062926047a268c9.70876163',''),(1040,'dgqnwt','2a784abf508c9dcaf4c1c221c479e77d','168838936962926047a3ed11.39820886',''),(1041,'afedyi','398ff29f8fd472e2c614a5000497e3e2','113300100562926047a48b58.33322699',''),(1042,'cevpdb','208cb3b5917fb0bcfd12083cb1050549','169380424862926047a52bc7.43751240',''),(1043,'wkrtmo','9b7009412fcca2d4711824a5210b3ebd','198398551762926047a5c639.71133078',''),(1044,'grmuln','462d807889189f8cb43e7876fcf878ad','196070081162926047a65c28.35598608',''),(1045,'nduvpk','ea4c741690392911d7ba7938c41dc854','209954418262926047a70821.11630056',''),(1046,'zoliqp','0f16922c0d11a0d26bf7f15a0476eed2','93658122962926047a773c6.74965636',''),(1047,'lzxscy','c0e382c2d7659f16e0bb2b8743dfe22e','175839384962926047a7ffe6.02275823',''),(1048,'xaovgj','5a7bf69e0cccc84a91d556adae64ecca','61908666262926047a86335.99883134',''),(1049,'rmxnuw','4d483e96ade9682c58cc71ed0c30890a','39750079562926047aa0184.13798705',''),(1050,'uqbxzo','40433c769a00b7ff2b1a5f0488086c65','170222847262926047aab393.93083328',''),(1051,'xmbkfs','7350ab7266d15b00c11fe53c4ea8f6bb','170554141762926047ab6544.55368456',''),(1052,'zplsie','272c269f19a20e292ffc31e94568c721','55643645762926047abefb5.51563816',''),(1053,'vdeifa','12bff21acccbbccb0e9f043937b90b3f','208227206462926047ac6bf9.48674719',''),(1054,'vdzbxa','657b21252ec3eb74a13b767d2d4989cb','202836799562926047acfc31.42212963',''),(1055,'tywvdh','4ddd25d44695831cf1d2424f589d62a0','95608776262926047ad9789.66680139',''),(1056,'hbjvcw','79238c0098844763a78d469e2162898f','197252940362926047ae0712.45167965',''),(1057,'otxihr','9cfeb5a639e05555efdb6ca471eac665','154904567262926047aead57.48617657',''),(1058,'tnyzrx','5b0bf2d4c25af0098bde42f2ffefe9b5','197372399162926047af1a92.60133034',''),(1059,'rmyawt','dcbd68e4bf8e7ebc8417e9426771568d','182233271062926047afa503.04458493',''),(1060,'xnaydf','5e62fd01bd0c184918f58b6f001fb695','168925132262926047b01f45.88412793',''),(1061,'vthurn','7f9c4f9669fa3b35f905a5d2ef1a0b25','196525209462926047b0aa77.31333564',''),(1062,'bdyvng','17271102879f39d148425719a0673717','174684621062926047b12356.95073764',''),(1063,'wbtczi','674be70bb50e3de6f5a8cd689c9a6971','53237982162926047b1b268.97436841',''),(1064,'lacwim','b8e04636e6aa10fb4ff1e7766e55183c','146062095562926047b216a8.97193064',''),(1065,'yftjxz','26c1efdc96d71468c57fa46f46bf2dd2','88589964962926047b2a5f7.70977861',''),(1066,'fsxazi','4a0a4cb57c01bf145f992003d3a18fcf','80922324362926047b31175.51756629',''),(1067,'munkea','a2a031f33ee2aceab25a235e3ff733c7','139598917462926047b3f969.61370933',''),(1068,'grwslu','4092f9a3f5b23361e51f20325d49e108','197504680162926047b48644.77014982',''),(1069,'cpaxuy','484e0e39aebd37f0e8628f5767bc9385','207872919062926047b50398.15615815',''),(1070,'cbwqih','665b7374fb2dfac2203e90c74b554621','189263061562926047b58f85.26527872',''),(1071,'oxupbi','7fe5c090f9f257a1a772303dae39cbae','125740938762926047b60608.40941448',''),(1072,'omqshw','16179f1242594d75c8fdeffd8425568a','6666845762926047b68fe5.13059568',''),(1073,'zopsgu','b05841cd38cb15eccf10d9bd461735fb','141967623862926047b70c26.57056803',''),(1074,'ydefhj','29640ce93925f762f86585584108bc7b','10634380162926047b79433.07145085',''),(1075,'kgrmdn','ccf545338b91f6f63ddc659a79d09597','153136918962926047b815b3.03979119',''),(1076,'kdgnja','4f2cd26d168b49849ab824e948824444','100612458762926047b8a225.20446450',''),(1077,'inxhma','e2cfd876c2dd8ab18faa6097e24763f6','203335603562926047b94b74.80699735',''),(1078,'omxjva','2a91c0da74c3efc0762b85bd1dd8a88d','50877847062926047b9e5c4.11562769',''),(1079,'qewubr','4264497370bd815140161f07a7666517','112541379862926047ba6dd0.37651272',''),(1080,'qxkwse','26d327c24d132d1b766f492d4bc2ea1b','171782424762926047bae654.86990763',''),(1081,'otbmas','8fae990ce59ca7a2bcf71f2d84525c58','45272655162926047bb6c22.47635301',''),(1082,'mrfycl','bd4f91530e5ea30bde888161d91c67b0','78427667662926047bbd341.07574102',''),(1083,'ixvpza','baf5aa575e96dc236ce01fc556b42686','50731928162926047bc5a38.64838472',''),(1084,'kzetdj','4e22a62f4f54b2144175ee495a2b24af','132992350162926047bcd426.49963213',''),(1085,'oaezpm','45a31c007c302cc6a6753b28a5310095','56499739062926047bd62b4.37599481',''),(1086,'qecjwt','463ff7223a28d7c18d17585c88aaba4d','191896746462926047bdc9c8.93732635',''),(1087,'epiotk','b617c21ff28fe5581bb71c4168fe97ab','151806013662926047bea521.54666133',''),(1088,'ibmplw','7f6480d19a5405858efffee7f8c225ce','17801739362926047bf4c12.86602343',''),(1089,'fniurj','d6109a5127703651cebabefc5f76c3ff','149134869662926047bfc9c7.44347522',''),(1090,'xjvpob','f3014e65402f9691cf6b31f960b6a378','147071854462926047c05113.27593146',''),(1091,'hprwka','a43848733a213c8a853ec4794ae2a9d9','163328375862926047c0c821.34245344',''),(1092,'ptlsmk','da524f25956c6f2abd914a585a1f8d19','179813021162926047c156a1.82749704',''),(1093,'iaqtzb','6270752bbcbc09b0b90314f31f30ad1f','179930779562926047c1bc10.30461308',''),(1094,'mhogke','1aa13db7f2e244cedae4feaf97b622e1','43185173762926047c24349.16825144',''),(1095,'egmicz','d51846e94c3be69598da486e0a0aa07e','106120204562926047c2c3c7.35697073',''),(1096,'ilrsnw','a8293f22360f6b65441784ce282ee4fa','21450611462926047c36e16.61051126',''),(1097,'vjekqy','dc0c89c7ea1b51700de118f9ed04d3eb','213575309262926047c3f194.20967674',''),(1098,'cbfvmh','1383d3ce7782ad981269e328b6b45daf','61680664262926047c47ac4.97124118',''),(1099,'owtaqs','4d6a35d58ebe18fbf0d2f75b93c870da','39803669362926047c54b07.31082559',''),(1100,'hnfejt','c0cb6cb3a3cdb87ac6eab6676f963dbb','90421088262926047c60c80.30654256',''),(1101,'onedtu','89f631332193616bd497aa564e644283','146806904362926047c68100.96388274',''),(1102,'xdhuft','e2b239cd0a6f8551264641e0cab5bce8','20707178046292608f630f48.38199191',''),(1103,'jbrsnh','3dff99890c54771c0f8e036b63c8910c','15405444756292608f63bf79.66521364',''),(1104,'wbsanq','8dd433bab8d4eb8672072bf22a85a8da','15963397416292608f645cf8.69651655',''),(1105,'qlohcz','5f254741966ddfa8d4738845612a1426','4621123716292608f64c796.35900343',''),(1106,'milndw','77ce7408442fdd64abd48f0d594750ac','4894844016292608f656386.86512942',''),(1107,'rtewjs','b339311767e2222bb5cbe84e6d29a230','8367608666292608f65f156.45484891',''),(1108,'qkxvob','4da44e9fa80399cfa5dcb034a340e785','19885433286292608f668175.61209340',''),(1109,'dqufrj','f3f5aa9ea1576fcc7b53384af1b26726','11996638806292608f670042.70327442',''),(1110,'svxgcd','7c0cb50cc1b0f796b125ef2aa5496b7f','2088400306292608f678e05.03866192',''),(1111,'owskxd','8956265183bb7362750d39155435ca46','21429793786292608f680bc1.58347295',''),(1112,'htcolu','ca717d9620fa3bb32fe3ffc1eb637eb0','1022150866292608f6899e8.08482076',''),(1113,'ehtbwx','082d89614fb9bc69fdacb7f2e711b802','3075933566292608f692468.44455897',''),(1114,'pyqmet','c588335504dd4c33c8cbe919abb9892b','7404217026292608f699f42.61766571',''),(1115,'yqndzv','630acc0edb2ffefefc96218974df026c','9687852826292608f6a21e3.12900623',''),(1116,'jfcxwt','a8309f594d1306ba148a6dfa4ea23f29','4831021156292608f6a9082.67989982',''),(1117,'qtplkd','25e3547e198b563f976e4a99a9d4c443','12603203166292608f6b6d84.06483394',''),(1118,'ygmatc','0401186d643747957402f6d51c99f019','20531887846292608f6be131.08423629',''),(1119,'dpzwuc','cf82e611190278f4c8efd71f670b8674','3408874066292608f6cced5.19075961',''),(1120,'jivdto','1716f63a96ec64cdc1a2177f379d937a','5362816366292608f6d6bc2.20152680',''),(1121,'aqgeri','358c3117a0ce20fb559025245231b489','12347340796292608f6e0d42.51713986',''),(1122,'ebuqhj','803869fe9868e68d3773246ef6f894cc','14152614436292608f6e8084.53731479',''),(1123,'kwgvdl','8ae950e3790179cdc828ff561667a6f2','3090371316292608f6f2800.19836217',''),(1124,'pdbohw','969e1eca176cf209edcb607f65e9404f','6242089716292608f6f9ee5.04429763',''),(1125,'qkvoim','b39034d99ac31e52b0f1004abcb1b271','1395016836292608f702631.55952228',''),(1126,'wmhpjy','6cb00ff6362e688ce7934e13ece2b057','2472957986292608f70b529.91248219',''),(1127,'hlrjcn','974de0c7cc083ef68eacae7685d52410','9943336296292608f715886.16980942',''),(1128,'hilgvs','166efa12aa8f0a11472073de3649a90a','16924475716292608f71bd51.02489594',''),(1129,'jtycxo','dacc6076a964a71a70c2c540cf65fb51','2453227886292608f7261d3.82597246',''),(1130,'tocern','db7b00c3a33308e4c217e5a7e33f5fa4','6851474586292608f72f381.17054765',''),(1131,'zafwlb','eeb0ea25dab8d074531b549168ba4a73','10370497296292608f736bc9.38558948',''),(1132,'sixkbc','d9723ebabf00e293c1debe9b6eb83324','8129378466292608f743918.43007909',''),(1133,'grdjiw','0882278f1f49423f2e446ad9caa86f89','2261265016292608f74b497.46382482',''),(1134,'oalfkx','71a689221be0e656e754a6b7adeda2e0','4933240566292608f7541c5.89526014',''),(1135,'avpzdh','f1813014cde95fe126c1cfd03d6b3e06','4012994966292608f75de10.89274117',''),(1136,'ndamio','eab67f5ce41331fa32edb7272df758e8','1074998006292608f7643d2.47336504',''),(1137,'ndgsfb','dfcbde346de846a17aeee06eb8a75a3a','12005598996292608f770432.15793069',''),(1138,'vzxknu','37fbbbf4694f4558bdfe3d642f02dd60','9009857856292608f779431.05258675',''),(1139,'wcnyho','f62548dad84e334452637bfd3d99f2fc','14953683476292608f782008.10590203',''),(1140,'fgxurj','7f26f511d1435e8ac5511a11b7178284','1152188996292608f78a668.97505603',''),(1141,'scxqwo','fd5ab343bcbea365bc8eb44f7bd18f6c','6736357806292608f794f68.65379409',''),(1142,'kpexhw','015e9c5ee5f26e6c8a1b4f130bc9600e','8744415736292608f79df01.00629026',''),(1143,'vshgjf','3e553b3ef763716bddbed6c2f4bc2950','17018433716292608f7a7904.66721768',''),(1144,'jyleio','1588ef383f081c61d00b2e15d4f079e9','1126430346292608f7b2768.55061076',''),(1145,'izgohc','f68392f2cdc05ad91d31e1fa33dc4610','265696096292608f7bc984.33299450',''),(1146,'uwqrfh','334a844d55907e9b811e8bcfa0b09099','14590820886292608f7c3941.91675942',''),(1147,'arwqtp','ffb1a82a772b045626d74feee6e86f0e','16885052396292608f7d10d1.20668648',''),(1148,'xdpvie','aa161ae76ee2955133e802242d0d4153','21140955456292608f7da597.06508380',''),(1149,'ahsxdc','b50c8156a09c246210e15ff7eb3c14c0','3629780066292608f7e1790.75093670',''),(1150,'bdvltr','f84d19352e3eaf978d78916171f87a04','13456186726292608f7eaf18.31511803',''),(1151,'wfnlxc','a952461666b59223e38382cc9bb4e810','21457093236292608f7f35b8.70212108',''),(1152,'rawtxi','727ce222d76cc1fb1acce15e56c14c55','11071078726292608f7fd304.07112696',''),(1153,'qgrafo','dcc8332f5b7e2d42fb41de8c01d527a9','2687915716292608f803e05.91948838',''),(1154,'yzgqtw','c0214cfa5c18ec418da06e5689a4d847','17704880916292608f80d2c4.36279204',''),(1155,'zygxrb','b569c8ab7b1122c6946a5879efde7f76','20186335516292608f813a90.23965304',''),(1156,'vflktm','30dc71376319118bfae9a678e151c2a7','1678178586292608f81c118.29623062',''),(1157,'prkgxh','442d8b7301f175dc60ae353a0d0c49a9','21315618716292608f824c23.07841232',''),(1158,'jtgmlw','4f52b6f6ad5836bac788cbdaa11bc014','15650946176292608f82f567.53142564',''),(1159,'icjhbv','3c2c602f124faaab89f5b2e1064c3fd6','6143651096292608f838d56.90229237',''),(1160,'nehida','397c3ea30ce0b3127f5bec2ec8b1cba0','17604116306292608f83f596.20724771',''),(1161,'mqatre','952db91d473812282bdc4e3573fc60e6','14617374136292608f8485d4.06004892',''),(1162,'crfpvj','143034c41502bbeb60d1833560b28827','4209153956292608f84ecc8.88102347',''),(1163,'heftaq','d1655ac7887517fbfbd54f13b5e3ca74','16933376436292608f85bee1.61218044',''),(1164,'hzkpdy','1488c4e50a6389dd80442dc470ac8f36','19024947326292608f862de3.22687499',''),(1165,'txbskr','c329f6a85ef981a1862af0dad43715ba','10186762856292608f86c128.78559077',''),(1166,'taubxj','82fe2b17c006d7112e1c9ffa53000430','392806926292608f873cf8.86828725',''),(1167,'ecrmfh','1006239846adbbedfcef56bc5c4a3e8d','7355821426292608f87d320.45986965',''),(1168,'cdfeit','cdfc5e6ac0991e58088105c614915924','15521781526292608f886453.84690179',''),(1169,'pzuqil','4c60f903e497b8bd5f0e8b431edc54df','1160467996292608f88ca29.86312339',''),(1170,'jztgym','661b4aec437ca89cb8c73b5d4cccdc37','17128379816292608f895ef8.47284971',''),(1171,'ksjchn','4f78a1b2050952b7cf773b4b5f481ad6','18525465736292608f89ca08.46796181',''),(1172,'kvxlhy','5c1291d1f55d8c21b1aa87ed03f7635d','14169090676292608f8a5171.14983963',''),(1173,'nkyrda','5b971ad24b6725bd2beb09597d0a026f','20853742336292608f8acfb1.95940250',''),(1174,'jztbgh','4cb85fc3536c7dde1d91581dac3215ee','9793042176292608f8b6041.09439889',''),(1175,'cvztsf','81d838f779c5bb5b55e9ac50f1346129','7904944776292608f8bd765.34181522',''),(1176,'gskclb','fb7cbc14d20c861c34644d3837094f04','20184869956292608f8c6a92.03826856',''),(1177,'xisnuv','d831c816a5a65de2fcf84d8bdada52da','2370436256292608f8cd039.74927910',''),(1178,'zxdgnu','a79297c185f7187f5174e1fb82037c2b','5659617046292608f8d9f76.70163648',''),(1179,'wuixvy','3e16bc25f2bb371331d4d05c7ee56f57','9481950056292608f8e28d2.18083339',''),(1180,'zudoqt','8c3d9fef700ec2e55c878a51280dfbf5','5065132146292608f8ed205.06191447',''),(1181,'tdacyw','6f90ba52fe251d2e2396aeecfeae4f84','15792845326292608f8f6c64.15036083',''),(1182,'lutcmx','09ec5555802ca06baf926a1b7d95561c','5227574386292608f8fd8e4.46905628',''),(1183,'ebzisu','368cfd177402c6a32adffd03d7bf9d1b','15250099646292608f9065f8.16392540',''),(1184,'mabdyq','c0f96aa283d360b63de2ddf60cc3d541','3897477186292608f90e482.03268962',''),(1185,'pnkczr','009e84ecf72431fb05a08cd2b802d684','5022619706292608f917b99.01683329',''),(1186,'vwtmhx','48e93d9f0d183f241881a0fe02e29727','11533510306292608f91dce9.54856813',''),(1187,'ekwbsx','2701af8ac7df20fb930aa7f4c5554ea0','5428482376292608f926c41.42062860',''),(1188,'agwvxq','3baa761906a8c346c518562683489325','7955410816292608f92e0a6.93607829',''),(1189,'evdurf','8d159c1f051b0d12c61906e17750913e','8145599526292608f936e94.62944697',''),(1190,'oqfspy','ca537a3ee7ffe4772af6499aee1e263c','16188063466292608f93ec12.82466922',''),(1191,'lsxzwi','e420834bd5801267b9e0894b8893603b','20267794566292608f946fc1.62352797',''),(1192,'otuphj','4ce63dd199071cb04ff7a7af0e3e9256','36586846292608f94d135.12008416',''),(1193,'wgzsco','b1de5e09b7905d61d61551e64534355c','13853159286292608f95a458.19926793',''),(1194,'uaiqfn','7fd8ec261a5a01a1319cba9dca3430b7','11111653096292608f963089.08538870',''),(1195,'tejxyl','5b7df677342bbfee0e7dc29577fc3140','10093747246292608f96a5f1.61634829',''),(1196,'xzljus','f07911fcdc64490aa1b59981b318a8ae','7412511606292608f973157.55957963',''),(1197,'ldvurw','e00c988978ee8dc08511d06fa636b6f1','3471422746292608f97ad95.03990754',''),(1198,'gbjsmz','226bc1059c32d5c89768049993841743','4923445056292608f9854c2.05309034',''),(1199,'karqzf','a07b47d26a0e80e3345c525196d496a5','13470299396292608f98ecb8.44697676',''),(1200,'joadfu','9e0c7c00c067a2150c777e864d2b2dcf','8878662826292608f9971d4.51270888',''),(1201,'aokwey','f20a191063528794cecb1d5c4253fea0','11498640126292608f99fb05.66446765',''),(1202,'gjkofz','4cb6d770aa0b9bb31be500caee606005','547067932629260b9e14d43.21318734',''),(1203,'gidrbj','164dd5c387e0096a01ad71b16c434d65','282836634629260b9e37327.01037140',''),(1204,'vqziwo','fcd5987e9a23e1890ea312c9d886e3d5','1376585581629260b9e41d38.72560333',''),(1205,'rvpyfe','7c5a2c864949ef647f22764987e2e239','1054246857629260b9e4b1a1.82712644',''),(1206,'ixuqgk','d16fddb8b5221a680118a27b2e101385','781208599629260b9e54ad7.43150857',''),(1207,'kxjudt','cc0ade425fe03579c489bc3d5cf64635','2102764994629260b9e5c523.15498537',''),(1208,'gaqxbe','6b409fc48779a28d9569921a20ab9591','105071310629260b9e65d28.57620305',''),(1209,'lpfaei','77b2c77c355daa48ffde7a3801b59887','385012758629260b9e6cb89.93065822',''),(1210,'rmixdg','90ec9841fb63f84077dce7188b5e8e57','865724524629260b9e767d0.03256843',''),(1211,'ysnfol','e30645967e3b4c3a51658581cae60546','397063252629260b9e7d920.63741506',''),(1212,'lhngvx','2a25e0ba27c033e7c98babb0422bb956','1220997618629260b9e8b7e8.08255094',''),(1213,'xqvuor','dfa76ca2b1254bc15ecbcabf25da7f9c','1473854027629260b9e94b70.85766973',''),(1214,'gxmlbv','5c99054f7bf057076f5fc696618b4cda','184067108629260b9e9c3c6.52985951',''),(1215,'kyrpgj','e817375e8370cdf96c5f414630daf626','722639038629260b9ea4ec9.03748782',''),(1216,'fdohme','99ccea6017e73fcb01e1364c551656d5','879158406629260b9eab796.94599703',''),(1217,'szcmep','f4b171638ca740254f38f46739dab643','29697971629260b9eb4777.44625670',''),(1218,'qdlgpc','50594050025dd333115d1113afc7336b','1281525797629260b9ebaf60.80369343',''),(1219,'uidfah','a672e4f46c6da26773cf569da7f84d68','1726968944629260b9ec5d70.77280573',''),(1220,'bmkynp','415a268bb0f5a48f4ba216854e5a7088','158500448629260b9ecc8e1.00653474',''),(1221,'vfcqpx','ee195fa6f64bb101ac951ff7f0d50b87','142242532629260b9ed57c5.29684980',''),(1222,'wzpqml','7a11e0c323432b849e3691dd1dcf5bd9','1521070255629260b9edc790.47332404',''),(1223,'bgwmkp','c979da42038a6eece5013b4e005f2b86','2029394292629260b9ee5b95.19557835',''),(1224,'gzxjtr','0eef9a9ef9d3e608cbba1e3ebadab02e','1489411509629260b9eee3f1.65065234',''),(1225,'frgqbc','93fd8b5b1dba0cb52744289f717a953f','1500087885629260b9ef6573.06811113',''),(1226,'vaqguj','8a99efc03b16eb4651bed64adab26462','1077555111629260b9eff1f0.42539156',''),(1227,'luitfq','a3ddabfa778ea15b3e475b43170d9a89','1959266161629260b9f09b23.97275443',''),(1228,'eqhamx','a517c8967d4b306626ac3aae8e91be62','1126383310629260b9f12b22.32656990',''),(1229,'wqxyla','95991a113fd362e3727b6492ee346fd6','87562740629260b9f1a3d8.11564150',''),(1230,'rvjmhu','acd49ef9eea5b3a7eaadcc70af366bac','434764097629260b9f22c73.48014423',''),(1231,'cwouem','14c26dedc538314e52ba472206f734fd','289414877629260b9f2b5c3.49804352',''),(1232,'pfyzne','8d46e821f622b046cb49e288ab96b8d8','1037642871629260b9f35fc5.74165804',''),(1233,'yznsml','1b75afe73f577e54cc7be8bf1ec8605d','1239375348629260b9f3f380.01003074',''),(1234,'harfek','5ee388eea5e36dda293c88f511b56ac9','990285401629260ba003cc9.28107482',''),(1235,'sfdqwl','87cd47976696ca9d93dc46f4ad3ad564','552714961629260ba00d062.62456520',''),(1236,'zcukpv','b7cd8966b6b794496bf9fb35ce6c6fde','1503013245629260ba0131d1.91130972',''),(1237,'miyowv','efd6e4711fd9aaba398dcb960f03055f','1045635451629260ba01c156.84237617',''),(1238,'dueaiq','da361f26293e266fa25630b335d85867','404437513629260ba0226b2.82575680',''),(1239,'qwoyma','2dbeb18df2e363bd3940ae1ca809a515','332501505629260ba02b566.04487121',''),(1240,'eszwmo','e8aaac2fa24c925f55936118940237fd','628110097629260ba033468.63763895',''),(1241,'cfegbl','81b358669b2a2761e9bc2a48d45216ca','1104074823629260ba03c4a5.78019417',''),(1242,'adxzyj','53f749cb412d05258539f548855ebd28','727900062629260ba047291.72205902',''),(1243,'nhjogw','81fcd55106474e50163f7935b27d37a0','2021057161629260ba04feb9.55112037',''),(1244,'hymtne','3ad383592087229ad2a7e74a02e212aa','1475743250629260ba058c05.21478975',''),(1245,'cqehyj','23883f79168c848b2918881f8f2a9300','1934376117629260ba05f637.20272388',''),(1246,'ourthy','404a601a643d815caf837b50563c5fe4','703931725629260ba067f87.41375434',''),(1247,'yntciq','da1323c2c599fedd9bd13d1ae48875d8','1498593403629260ba06fc57.25414106',''),(1248,'rgyzxk','6c30d935d16a148ed1e14d7d3bbaa115','1713821879629260ba078a82.63555136',''),(1249,'zslijy','a709d404daaa9502816cd8aa7082b7d3','850273586629260ba080870.57531867',''),(1250,'gdvawq','8e5ce7e0a08f4abc07bf2e51feaadda0','475739760629260ba089c73.73435104',''),(1251,'rgxtqk','19a49e38a742e5f0db4b0146f4f73cd4','2066354498629260ba090418.49491171',''),(1252,'nagvpc','dd9f10cdcd27750f24cdde8fb0b404b9','1140025672629260ba099687.03633979',''),(1253,'avgtuy','b4a0d0182e0bb2eff9052e8d62cf356f','207634896629260ba0a0281.18175084',''),(1254,'qrbamg','419a0ef0958b37ef8088dd06ad73f011','1321201127629260ba0a9340.51325648',''),(1255,'visnbd','cdf828c68cc69f786c3f476892fdc4f8','922618015629260ba0afe95.20289936',''),(1256,'pjltir','04f5608ef3f8f4f664b743474581b04d','702206958629260ba0b8e39.51701027',''),(1257,'ypbsda','aed91ae776bb0d8805a9801dc98da21e','1790189610629260ba0bfc13.34336121',''),(1258,'zrfjix','5652a1a12032a21f7aa994d714764cf6','1142051289629260ba0ccb79.19756040',''),(1259,'jhqgav','fe346e4292c633e098d62a97e3157b74','440090244629260ba0d5b62.31415313',''),(1260,'dznxmk','80ca02948612e0086b23b4798009ad72','338831263629260ba0dc485.25926599',''),(1261,'xjqpte','5451e865a06bdb6238a5ab25c9281525','1932868253629260ba0e52a7.11399176',''),(1262,'ftmrnc','715aed0d790693722cd216793cd9d559','1922961108629260ba0eb6d6.32843140',''),(1263,'kyrphu','170304af1e6732aed2ac16092f0b91fd','1620063088629260ba0f1b94.73408881',''),(1264,'amhgqw','f2865c1f0fabd192c0f5cb6c5fe82ff3','1207828597629260ba0fb346.16995071',''),(1265,'bpcwfx','f1496d2eb3d74174d9378c2cf8ffbcdc','74587615629260ba105947.90597918',''),(1266,'wsrdaz','e2a781da8b9599b0aed5cf970769021d','1561387072629260ba10bec3.56351245',''),(1267,'ifbhkv','daeb478639f19247a8dc4b6fecda227c','467203191629260ba114893.32946845',''),(1268,'twadcf','8371dd664527e31735bb6a802d36f411','141134758629260ba123e53.83765837',''),(1269,'whdkam','174da51d60e7d392e0f88f7b84b6ad14','1607112968629260ba12ab91.90061932',''),(1270,'oegbmv','74b2d8753ce9360bfbf2b727ae8fd3d7','2132656134629260ba134518.35626157',''),(1271,'tcfagj','70de90081dc2af4ffa1015544274caab','581850345629260ba13b4b0.42893550',''),(1272,'kfaqxb','b989c7f8860569642532503f6ef2e15a','1422271267629260ba1449e7.02597618',''),(1273,'hagkpn','b5ac34a67ee3b5fe2aa36666ebd55ca7','916824361629260ba14f303.29824870',''),(1274,'dnkvqa','55516c1190525047744ddd55a21f9332','286934841629260ba158148.54442429',''),(1275,'jzdrwa','70b8fd66730942043545cdba3096d77c','20449568629260ba15e740.58560897',''),(1276,'hdtmzu','311465c4158474c049b4373fe2e680a3','1695333446629260ba167517.09037494',''),(1277,'jbfriy','b92bb4075f8ab4249338324b5fff7d89','871921049629260ba16da56.24571225',''),(1278,'qkcvud','8ab2a261198461350c67c8e5d5604f3e','1209343596629260ba176ad4.13696095',''),(1279,'kzawct','5051032861faf3140c51a0f106216bd8','1112949593629260ba17d362.71823406',''),(1280,'eqnfyj','e045b5095922e3d0fab3c02fc211f1b2','15814830629260ba1868a3.08307428',''),(1281,'cnpfkd','36042751f69cf369b153bd7ee7788ea0','1725724870629260ba18d719.00481708',''),(1282,'ruzyhi','bb313df769c84cc1cb828641197c1355','2121978510629260ba196751.30769590',''),(1283,'hmrgpc','f1cd4319753b1b4829e3dca7fad59d06','791494191629260ba19d490.03653196',''),(1284,'cixvze','75ace7449a71eafa931ba213e84380e4','742720081629260ba1a6417.32751223',''),(1285,'dpgwex','cb35df7d376e139f9b3493e09f48c57e','1122123749629260ba1ac9d0.05138268',''),(1286,'qtclzx','c755ff577e44040f89c5b0a8aac22646','425531509629260ba1b53f9.91127114',''),(1287,'gpfzyj','c9336a83cdae620a15f1582ea50cdbf4','934867997629260ba1bd034.83363200',''),(1288,'mpkgcv','18567b6e70b5c122be22c020b31ca7ce','1297981785629260ba1c9ff2.21864015',''),(1289,'sxvqwl','26449e96eb51beec5453e367bd4c6467','1552422506629260ba1d45f9.87157936',''),(1290,'nlepky','a564d8a90cb85b26eee1a79ae37458dc','1869139695629260ba1da9d5.74860821',''),(1291,'hnxymj','c49b3a15167d98250f53417eae400215','162187495629260ba1e3680.89429092',''),(1292,'zlkapx','f71e217c941d2624432401511fd21218','758243436629260ba1e9b66.54171530',''),(1293,'eqyvmx','6c158570f49eae774f8288c5b337de16','202906601629260ba1f25e1.63277053',''),(1294,'ajrxpb','ad6900f3e04565637795d7bd2ea93ffa','975760813629260ba1f8a93.97207495',''),(1295,'gwdiru','ce6381940d58d8e640999fa9cd80693f','496499544629260ba2018b7.15014871',''),(1296,'pzqgjh','ff2f1aa87be720181a89de4356a4b186','540949968629260ba208149.91248580',''),(1297,'fgiyhu','e0fd5d86b85d6f6d4a4d185e97ea6f99','866446742629260ba210e09.45539176',''),(1298,'kfatjy','0172ff902fce303d388e74ea5f987068','2019069887629260ba217402.66150311',''),(1299,'ykwati','923320540789d3eb2689c4742c05a5f1','2023663163629260ba220857.10692207',''),(1300,'cbtodp','d68a46471e6d561a06294d21557f66e7','1960663719629260ba2271c2.11792980',''),(1301,'fatroq','19beea19bfa8e3bde96cc6646322739d','1399180662629260ba230311.41248956',''),(1302,'mjwqpi','f66f90442ea83b1a9d5c612f6b7305f1','109741165762926142739236.55581507',''),(1303,'jbnhto','a6ded0ee7f68db9e3532fc426688ddee','465207850629261427493a5.31415444',''),(1304,'hsnayp','7920de33f4f69d90ceaf27863983d87a','106859283162926142752e32.52408997',''),(1305,'cgtylu','26e4fc0b89ebf7747f3b9084744772f1','144753337962926142759a11.73055833',''),(1306,'kanwvz','fc48aa4708eb233cc28e9ae86f2dda1a','166291152262926142762e18.56917830',''),(1307,'pgybtm','e60882b200b385c90e37f3648e0d4a3a','15433997806292614276b282.75247220',''),(1308,'mzwxsn','71d03c1cce928bc62dba6f0ad4b9bf84','516445763629261427767c3.22276728',''),(1309,'tagukp','48178144fd2ae858b2392d2edcd61604','31056167662926142780014.39878055',''),(1310,'wvmzca','a1735132343db638f0ae8ad2574d7194','1576698774629261427873e5.10244965',''),(1311,'upxbym','fb08499576fcbd4d94cddaf3c772af04','259711745629261427910c5.94517419',''),(1312,'oxrntv','8654bdf164ab6c827350098dafe08da7','165608339562926142798828.33529325',''),(1313,'gezanr','e76a6c81c23f725ff58a7d1b98cb1dc9','480233132629261427a31c3.72016861',''),(1314,'kpfnbg','d3555b5cff57ad67acd7c7bb0cc5ab20','2090302402629261427af137.52011901',''),(1315,'watmso','030b4ee43ee1d3b3a57898c0e8520f67','1462146677629261427b6022.00817424',''),(1316,'nbrefa','654dc139ebcf44c9892a5b8aef623da6','1384777262629261427bebb4.39501166',''),(1317,'pbrelt','3f5415c6e008fe6f14e7443546667330','1045038451629261427c6a94.53042957',''),(1318,'ktzawv','f56e629675fc324cb65a0023a0bbf65c','1651011811629261427d4e60.05610929',''),(1319,'smrlxz','c0ea796b31475a87cf5728b40d008c22','1638821582629261427e0b34.61956931',''),(1320,'eonigh','5ee1520403136ba3c4f0b63e4c9745b9','1137613588629261427ea591.89466715',''),(1321,'hbdwuk','458a7cfaa7dd2dc677dcbbfe9205f505','879920378629261427f1423.25419151',''),(1322,'wpyisq','a8aea74f6c22c33e1416322dfe587bab','1527229008629261427f9a21.92121447',''),(1323,'bzldne','7602ed15a2624a19378dff21b9702aba','4764650562926142800e92.95466728',''),(1324,'ebzkwm','a20b258221d88353dde69d29d315a65c','89027997062926142809189.16949686',''),(1325,'xtlmha','20a3f2d7b9d54cf8456bdd162595fe4f','4396014966292614280f7a6.57998220',''),(1326,'ztnecy','32b91a82cbc374a04cc9a8a95947be60','383450084629261428195a1.33684787',''),(1327,'fjdozq','f7c228a00bbd78a6e87799acfaae65c1','12153598966292614281fd52.92128002',''),(1328,'wxfvkc','f1683869aa3b678808a3feeab14cf2ec','32092998629261428288c4.91466172',''),(1329,'miyfhq','acf0638ae2dd10cc446450f474479b4b','47288908762926142830488.59636472',''),(1330,'lykqua','eaac548a488f60e6a8f384494e1d1938','5477774162926142839310.20306363',''),(1331,'voreyg','333169cd2c75c0f1fb9052eb66466fb4','2675465816292614283fe49.96645493',''),(1332,'fhuxsj','5b84caf3b6d4b6c58bcf3b768ef5f08a','219541273629261428490c6.01275723',''),(1333,'ewpsrz','5a4deb67b097b73c82dd6970e027883c','91288996962926142855504.26667615',''),(1334,'flnozh','05acd1dd374354cc340c0a19fc113fe4','19565917286292614285f1e7.02482085',''),(1335,'xiplyz','501eef9f546a6ba8194f2fc37af0054d','211706687562926142868a97.81907839',''),(1336,'hnbvme','9fdb43302fa8bbc22b9348ff7b745e35','3264129476292614286f3a7.10312385',''),(1337,'fxqarl','9cda4afad0b9ed6e18f63348837e15e0','1623642289629261428781a5.76312645',''),(1338,'junqry','45ad904cc3dda502fe471f3b55a58c85','193077929762926142882c07.03491845',''),(1339,'eusjla','98150228ab3f60a41fd661e79499f1e5','7201593716292614288bb58.10623190',''),(1340,'xoesvj','53cafd554970425ad46e3496fdd8e68a','83862514962926142891d68.65125966',''),(1341,'hzfgpj','f6331c106800c0eb0d46ce19c9ce5252','13588948806292614289b6c7.10171744',''),(1342,'kjcghe','370759b632bd9feaec85a02f7bc62a51','265627110629261428a1fe7.50975749',''),(1343,'siukjp','e615e73447d9792695cffa4032e9e06c','1270388036629261428aaea8.11222580',''),(1344,'fdrpgs','c197a7bed2c46ac8e501fea9e2bb94c6','571853921629261428b1647.65296584',''),(1345,'csihbe','9932918703ca283ba854e33f515e3e90','698642381629261428ba439.35320507',''),(1346,'nkhvzp','57ba20222ec4aa8dffe2d285702aec18','789819112629261428c20a9.43351104',''),(1347,'qwmlin','86e6b6c79d5f1f7da07c0466254f4758','520868493629261428ca957.44894096',''),(1348,'istwco','73dd47efb6a35681a98837ad273fb4da','62922354629261428d2c41.04122741',''),(1349,'ctfbws','1cf8b7b4e925d8ac4524b4a964d6f4f2','237736024629261428db5a6.74982726',''),(1350,'abpdyl','da28456becb244653741b21d7f2eef97','1046395738629261428e57c8.91884128',''),(1351,'lnaquh','e89a14e20024357317768f9cd14cfbcf','849144899629261428ec332.33594269',''),(1352,'vzkgtq','69619ee0e53709cf75835bf75bbe4fe2','196172164629261428f52d0.45381699',''),(1353,'vmdqtl','2189b383cccdeb936ed8029cc20f4b98','435872933629261428ff349.26015938',''),(1354,'wtkvcx','84b79f5b65ceae0540021b3d38c6695b','136587892762926142908011.40562399',''),(1355,'jnhuvp','29c0c831f74b13f0c726d6c7c28cd5f1','14270284816292614290fb90.78767470',''),(1356,'ecljnz','a752d925e2df74563502111804a3fb35','187160388662926142918b19.54047963',''),(1357,'bcdear','131eca6556a36216e59044c3c1cfe8a5','18923439006292614291f428.43099187',''),(1358,'gjcodm','90592e6a510ca2e1ec0b48948f1bab5e','43455683629261429283b2.09556490',''),(1359,'gkfjzp','16ccafd2a5e1789b951be439d7762a47','13115481296292614292eb28.13456783',''),(1360,'bexjfl','e86df0f8e29c713d6ef5ebb79a3e0430','286861222629261429378e7.32626940',''),(1361,'fypmco','2bce3b824cf287884e0753b30fbc1ec2','20695569206292614293e558.70681862',''),(1362,'imkslj','2d07b6f72b63f453f5c11d0e2d404dc3','116424118662926142947470.85695557',''),(1363,'uqwpbm','301c8c49826cea7877846b9a4ca5eba7','20033570666292614294ed04.78483610',''),(1364,'tgrimc','d158d5be82a51ab215db0038a87ff587','88516579962926142958580.55572942',''),(1365,'oqcxmj','d8f8223b3f28c63b57d1044f158732c2','43662043962926142961d86.35578490',''),(1366,'bjfunt','1bf1c4bd91c37ffd24b163e0b1beb5e3','1800633563629261429684c4.00013647',''),(1367,'fjmuls','231286201ef930b879580755683ca345','24456271362926142971e33.79947838',''),(1368,'bkwsye','fac20f0d3354390a5959683c902dc6f8','362804358629261429784c0.45500284',''),(1369,'usgmaz','06c528f6b148a8490bc4c5c7a3a9126b','83226714562926142985508.75300982',''),(1370,'vqrcpk','b59f051c2ec6cbc05882a8fe558385b5','15172683116292614298bbd8.73390934',''),(1371,'metlqw','7d67d42a074ae31f21916ed1e5b989a7','26760578062926142996213.82768604',''),(1372,'rtluma','08e3c809cd77c06676be3c0489d988aa','2725906196292614299ca83.27031894',''),(1373,'esjiok','26cdce59891182f2412bb909a13a9d8b','37450746629261429a5080.26391371',''),(1374,'ofecyj','f70fb6d151b5d584e1f0190f4820b4a0','343248767629261429acfb8.64983308',''),(1375,'cmahif','dc6cb09c89f659bc46116e3bb1fdc2d7','515539379629261429b5ac4.71220065',''),(1376,'ofksai','bf41ef47d3ab0c7959298949e3f653a9','1585065102629261429bfe72.60329579',''),(1377,'fkihvn','cb366c7d2f7972d5aa15750ccb2ddc9d','113214733629261429c67e9.74178137',''),(1378,'nejlhp','ebe2f49ab394294cbe3ad9d058a75cbd','799871750629261429cf873.99452728',''),(1379,'qmeirj','08d3d411327b4db524f205ad90913655','324148371629261429d5ac2.57206504',''),(1380,'czjtfr','06d38c05dba0f431fb57a1bf5964ca0d','1623227476629261429de599.14090660',''),(1381,'frpeox','55bb3e5daba959423f2672176e49b7c5','783954334629261429e66a3.27237107',''),(1382,'qyjthk','9988fccd84a4744e9e79c259cdc2be38','1711093616629261429eed81.36065501',''),(1383,'yvmcku','cb675c1a05ff5ad1627a7a689e612a2f','843967754629261429f7051.32342931',''),(1384,'umntlr','4fd69a6b4e68e030d161087673bb05cb','199199965262926142a03d88.69913231',''),(1385,'hflvqn','04b3e01bbf480ea058e9b3a1bdacd70a','16467290062926142a0ec52.66153467',''),(1386,'lfkujw','2625433d17e9517189a9ca72b5dcec64','8361819262926142a15648.99132455',''),(1387,'dgqmax','d2613db3c1263db5b9b95594097ac364','200723167162926142a1df53.29070253',''),(1388,'yvkola','0c7d2d3e84c1435d5b80448216a0692d','35144138962926142a25d81.28100675',''),(1389,'pgvxbw','4aa5da447ece2b4dda9326b42e33785e','100598358262926142a2ec15.69259328',''),(1390,'xpuosn','d0796d3e53ff5fcfba2f5165a6c10fe3','119736046662926142a35552.73495332',''),(1391,'twqbpo','f2cecf3663c63ad51112de6fca4a9879','73795520262926142a40106.56728338',''),(1392,'swgzhm','3f68eda8862420d8ed30f81dcd0d8d8c','94943090762926142a46447.33427621',''),(1393,'iostry','013338612f5a76026912db0ab9a6198f','210026957762926142a4f166.64063426',''),(1394,'wqnkue','3465f732f49e0622cf6569da7e353f75','80814394962926142a56c90.94255198',''),(1395,'xnifpc','8d2639ddab41fb63ee0867b1d9907998','139394200562926142a5f840.06323976',''),(1396,'ehgmby','9a76e49e12b9ee106f7c86f4ad98bac5','5418848062926142a663b8.56406964',''),(1397,'dznobe','9ac23e93d83706e6a08fc8b4c425cbe5','105406569162926142a6ec53.10823202',''),(1398,'orgmlq','f0fd311c425f651239f435f82f9ccd67','188259118962926142a76993.17110769',''),(1399,'vqeapw','a95365bcc8560fa0b6d17f6d571aa5a8','129862635562926142a83763.22477922',''),(1400,'swkhnq','a04c4edbdfa914444e3851d245440722','143148347962926142a8dc85.52267922',''),(1401,'ecdhzm','713388d9d2d36e9a09f5016510cda0f2','25262712762926142a94c84.54651709',''),(1402,'udkqfm','2503b239fb86ba45a0ccf34e8533b2c1','1165312923629263596a82a4.41813092',''),(1403,'ublswp','f45c8e94f0d34960468983aea9099daa','1905151002629263596b23a7.08498492',''),(1404,'imulnw','6b3bab57a548b66758d9d32c32a44aa7','1737424434629263596b9339.14927520',''),(1405,'wkbyae','bdb9342507f4cf70cc1711b6ecd6c9e0','510282668629263596c1ec2.68725117',''),(1406,'toscre','b068b78e3a4eb7ced6add97a98512001','389378393629263596ca7f0.35396166',''),(1407,'nfwhja','96d6441354df83387dd0b334fd41acc6','1972095809629263596d5bb0.98801704',''),(1408,'evcypo','b57b30a9fb5c9a8bd1373a79c0fedcd4','1983015416629263596dcb25.02604547',''),(1409,'qrxpki','c54a2c4faaa6efaf7c784bee115a94cb','962732999629263596fad66.54793626',''),(1410,'rvcfse','ace97b99be4b8e747b5ed27b2dfe91b0','962551588629263597060e6.02867401',''),(1411,'acsnwt','16680887f9e006cd43ba8a27e8f7088b','6164264206292635970f154.24091646',''),(1412,'lzpwax','e21045c2676776f81bc4ee468af60afc','91955266362926359715b85.26280267',''),(1413,'uhwrjt','2fc14bd6040134c09899ba64ac70d4e8','12554089196292635971edf4.39065705',''),(1414,'vlqweg','3f700fb17ddba896591511fde54743eb','121189776062926359726187.30460459',''),(1415,'hpdfqw','8e655c5a919b7e6ca256494fd8229232','9902777886292635972eb40.62138364',''),(1416,'qpdxui','6088d215800a80db3f91f4add4560096','18623018862926359736f16.70545749',''),(1417,'cuzrna','d496a59b33fbe19d7adbe1e65ae6b560','1213920679629263597489c5.36467255',''),(1418,'hybcma','36301b533539bb8f06a46ee6d0590d52','83284522629263597539c5.59182262',''),(1419,'xghnzb','a8bcc191e4e3209ca12ba14881ba4a3f','15101762996292635975a7e6.62302241',''),(1420,'prlsta','009a09cc94ac242b0a7d8f5d8fe706e5','68162045162926359763861.24665481',''),(1421,'ykqslx','1f3a16b94f56237a1ad7f6d51c99a942','17571311616292635976d7b9.85784818',''),(1422,'auybhe','e97388743cd403aba18d5c354ddd7880','66456249362926359775945.98578742',''),(1423,'jeyixp','5abefe5ba40399579af4f474db96f2d8','664923364629263597808d3.17131188',''),(1424,'cwofqb','17d99039ba16c9cfe94a0c8a5ce31659','9356792762926359787911.47537968',''),(1425,'oqzkag','5f81247b0f2d99256245b3e233819da4','47370536629263597921f5.99490984',''),(1426,'ldkzqr','0456088754cdb4241073f466ffd82b71','14489263266292635979c795.53026500',''),(1427,'hjnzdt','e00270b9561e43b688df42e590144836','1786913095629263597a48e5.35964202',''),(1428,'rgyoqz','497f97f16024284783aeac6c5d207a4b','700338117629263597b0b73.25898776',''),(1429,'dlgesb','7424f5a09dfbd2bda83780c52c78302c','612201193629263597b7e10.18580233',''),(1430,'ldsqac','42ad8483dcd82ad91fbd98bbff34911f','366424672629263597c0868.53769372',''),(1431,'csrnjf','fe89d5f8dcf22b1803ee9d23d3dfb61d','1482377844629263597c85d2.99024101',''),(1432,'oxhrqf','a888b695b0c82cffdad65663168947c0','329774382629263597d6746.36282125',''),(1433,'fdzwym','afb7994014bac9487c527ed83ae9dafe','938006320629263597e0a43.06552662',''),(1434,'jtamlo','e01a246228cf43ee65165374c11f437a','267303794629263597ecb63.59497184',''),(1435,'dngvhs','66b54a10818c2a7273ab42cc1f2e76a0','1836891642629263597f41d1.93185798',''),(1436,'xhmspa','ea42eac109e03110aaf9ae9bd5e21ae8','8327988629263597fd3c4.76446335',''),(1437,'fjxwkl','23f1fe61944f390ca29c268a9c339a79','166755289062926359803c93.33415665',''),(1438,'fzbwug','d0c2f35c715dbe0eb68ac7b7929332db','5900916956292635980d372.20246132',''),(1439,'vnyzql','8febcea539b236c3c764684ce8110ec0','29045090629263598156b4.46081001',''),(1440,'gtdnew','dcd9f54b02f99683f067c7c70a8e8ae7','9106654416292635981f7d7.52308620',''),(1441,'nwzjka','9a44c76c11e3cdb561be40fee8eabeb9','8352860362926359828ca9.11698965',''),(1442,'fmivre','336dfb70298523151609dd17082378f4','19866170936292635982f340.83514466',''),(1443,'ewzohg','8f47a6672e52c7564f8743ec214cce3e','61359199062926359838b21.38862988',''),(1444,'bogavq','ee4041287ba9cce2f788036ec6536780','6199136826292635983f792.72692037',''),(1445,'cgsfdk','2f0c488e1640ea9cf78199d637322241','148586521162926359848ae6.77582531',''),(1446,'hkxuvw','c1805658d4f266d66d3afa987ea8a062','9904246206292635984ede3.72489794',''),(1447,'fvbdqe','1402e2d2bed4b15e07f4678861a279a7','6434203026292635985c938.28849774',''),(1448,'ohtpby','2dc9bf5ae269af6cd3f327a4050f3b18','185367887662926359863792.45744505',''),(1449,'prtlcj','c07bdfa175592d4859cbb6165499ffd9','11372964686292635986c0a9.21094039',''),(1450,'ywgviq','58306c747aa6a153f686a5bf7618d865','126075291862926359882410.85033873',''),(1451,'jzfdtl','8015717b3266f18db730ef857b026067','12809551256292635988b557.81184204',''),(1452,'hsqabu','70803bc259737006300cdbc0e3a52383','578443370629263598a4cb1.53270628',''),(1453,'bxptnz','7dacefceb994ce9286e84f0d5828f363','540936115629263598af395.91956545',''),(1454,'ghqmjn','9207249c6b3d678f98ab8f231a158392','1414942567629263598b7fb9.96133483',''),(1455,'qncuvr','c6652ff5c5c984d8f6a741f22abc6920','1532783801629263598bf256.86095803',''),(1456,'xlucwf','24d0f388830ec074a7a4f7ebc2cc346f','939069996629263598c81b6.92224742',''),(1457,'bojczm','75d5a3d0bf8db1e1f5da20ea085f7156','1948187246629263598cffa7.01619197',''),(1458,'cpxrbd','1c9662d54f32b5fbdf7ffa8c6a42d75f','26568825629263598d90d0.80478370',''),(1459,'bfvuxs','cff165c0d5b8ab217ceff6d217bf6816','789095266629263598dfe92.72347104',''),(1460,'nbdwpt','04c0a5d76eda72202aaeb52cb9dd5308','2131929189629263598e9051.54513449',''),(1461,'btfqoc','d66d53bb0a056b3d07308ac6b4a75c03','701254016629263598f2d39.09413011',''),(1462,'xsmcub','bb28feb1254de77edf0554bc46370e65','353485312629263598fbe48.70015036',''),(1463,'xegvhu','0f31ca45199038977e7ef52adbc618a4','1338762521629263599051e6.00270876',''),(1464,'wyqvir','2160639f97b9b141f0e0f6b586ee6cb7','11982904386292635990bc75.36449769',''),(1465,'rvwhfg','7aae2a4d91928dafbede79cae5d616ec','65088117962926359914f49.74442637',''),(1466,'ehjmsb','e1e36299e0d8e0e55572a3f0eef2d4d6','6854378536292635991be56.26389354',''),(1467,'ekqhnw','12e32c4737974dbedde6f56472e4ec71','1479040189629263599253c5.89504061',''),(1468,'cypxtk','e52be269412d654ebd641a99d2d7d0bd','6439047376292635992bdc8.97044482',''),(1469,'ejmcrw','ddfd09cad741d0a1edfcae1570d7b54c','170785076162926359935362.30891063',''),(1470,'bganho','29c40f06b510f3b2da8db98694223194','4303222456292635993c7b8.22006416',''),(1471,'voxnrs','cfe1e19c7686abd48fe26ceb876dc96d','78526495162926359945894.73625597',''),(1472,'hioqpb','025484544e3c49c9b157d6455d547718','11610481606292635994c3e6.47012517',''),(1473,'xpgioe','ca0539f8b8ad0b1a01aab1896298459a','4828541629263599554b0.84690608',''),(1474,'cphysj','9d90978ce8ef9889a74fdd2e5f53add3','21260537886292635995c1e7.16116449',''),(1475,'qvsjgy','119a39b07ad5e51bdef3703dc511ae83','50185515362926359965473.60381235',''),(1476,'nhjeps','770801afe7823ac269d04cc62e53ea83','1965800700629263599702f3.55893892',''),(1477,'prsqdu','8a2af44985931bb7e96e75a8079a39d3','114236025462926359979ea8.01906079',''),(1478,'mlpejt','3b7040b2f8854626f1fa5a3307c05759','199017025462926359982de0.83825932',''),(1479,'wxitsj','f29c8f501456cb8ea48ee1271af25e00','29717270062926359989889.41328650',''),(1480,'yvkwsj','61384c64b161e1d1aa52a6bb2f50ebe0','50206222562926359992951.45157083',''),(1481,'xpkuwb','e5135dc87289620f8fbaffddd9e1e217','19518996826292635999aa44.64259507',''),(1482,'kphqja','4fc5aadb21a26b75c18561648dbf2e8b','131977835629263599a51c9.52901155',''),(1483,'lhpuzg','6f8629aab78b45ea86a135e2c9be650a','259254052629263599ae493.16349515',''),(1484,'ohvknf','6f30ed67e2c8f322c5c5274581b1bf9e','1253053498629263599b8a27.83993892',''),(1485,'lzpoib','d78a07dea13d2f400a87252069f48fe8','1686909093629263599c1e80.40003983',''),(1486,'bjucqr','187b11e1a4140fe0dfaac9c4926f1dc5','225366826629263599c8279.01811325',''),(1487,'ezqiox','dd936f13ca24d2c91cb1952b9f36a1c0','542438454629263599d1122.95575399',''),(1488,'qsxyvp','6e30f415c2415c8d2e679ff9fde4426c','697212944629263599d8a97.85305992',''),(1489,'piuvho','9d057f25a535635be3f151072d30c666','1211517048629263599e16a7.47178820',''),(1490,'rqnasz','4bef34f71851773e37f057e40d5f0eee','2071445604629263599e94d2.26360686',''),(1491,'feypkj','571852c813882fcb3763e5668c8f54c2','615261836629263599f1bd7.06103757',''),(1492,'rfnjst','0b21a53afa680f0638b96d60d1e8bb61','130289489629263599f9ac1.60762733',''),(1493,'wuydtv','48d3a42586cb56d4577e8b6fdb8d35bb','160227527362926359a02a37.49739754',''),(1494,'wiydeq','ab3f4b376c759ef9234a5c71ccde61f2','125366607362926359a09580.62099410',''),(1495,'bkpyzi','4a85c86a84f54a268c78fc161af451f5','162657186362926359a12ac3.85434761',''),(1496,'rsfmud','00f5339a427c41439a56feaca0c4c4c0','122398812162926359a19403.40852444',''),(1497,'jzuwmi','da458c47acce2e2630c914d53807916f','205618685062926359a269d5.61136712',''),(1498,'dcqlih','c8bbd9dfdac4cf2bcc77b69d21acfe57','101025555862926359a2f8c1.98201133',''),(1499,'pynbij','0b7bd949f0286a06ea979b1811134e54','194669766462926359a37315.55823663',''),(1500,'usrvyk','c1ad8549d0b788eae8d66c1bd94f7057','151759105962926359a40c49.84648109',''),(1501,'dgrhkw','6b281bf3528a0de6a04aaea9e55f4893','69130914862926359a48a74.72336436',''),(1502,'vpgnye','6a800a9db582cf0a02ba641b15f5cd80','1028208413629263e5a1cfc0.92158723',''),(1503,'bchinm','feb837fcf54066515395fc264242aa9e','602717940629263e5a2da62.49419091',''),(1504,'urogwn','909fd6324d4e248c07340e96eb8cdf7e','712772811629263e5a375c9.14929698',''),(1505,'ncrhev','e17d40146c7a35ec45945ba243e3afe2','892098492629263e5a40e91.26210544',''),(1506,'wsnflc','d2dd19e7847d58cfb0804549dd64af17','1460117283629263e5a47849.00837484',''),(1507,'cnrevw','c486219f0085cb1030a9bafdbbe64620','654000423629263e5a50706.88169383',''),(1508,'jwvrsb','e0febe063bc9b42acf6ce9eb3001aaaf','1876352555629263e5a56f75.17406876',''),(1509,'qintvf','042ed5e99e445d498fcaaeecdd573f34','1214433021629263e5a5f907.48646851',''),(1510,'cqehwj','66c4e8272a10f1a784caf66ccd1e3284','2094215319629263e5a67b62.82642154',''),(1511,'zryenw','8a6f6aaa252a179f13f7139e7d3faaf4','750168798629263e5a714a0.17275495',''),(1512,'jdvnuq','a662d13876b4a4ab7d3919f4c8d11b18','278146259629263e5a8a292.51637681',''),(1513,'fhpods','92d96d49c49fea6685e3f3242fa03e4e','280140894629263e5a945f9.27678002',''),(1514,'puntac','dd78de724d628fc4610a6ce0b9235c64','84707363629263e5a9e2d0.82660406',''),(1515,'zmjfat','00ab58c2370b986c988242a396d6c931','794890864629263e5aa5c29.98091993',''),(1516,'pgxnbz','6db6d152eaf6ae1425fe4e7fd2df41b1','277015469629263e5ab4160.65042018',''),(1517,'wctdfk','eec4bd4138ee5273f13d4cd7b23a2c10','256779133629263e5abe778.56607127',''),(1518,'uzvimj','26ed73d73d2baa9e91082d798a5c6667','1457791314629263e5ac6098.87317140',''),(1519,'njdsfi','582b50216b035693e7c8c0f5999ed3e7','1914386980629263e5acea99.03324086',''),(1520,'jvhceb','e04bdc6a609ab59467836486547348b1','1354016633629263e5ad6a15.08733222',''),(1521,'nfpawd','70ed64560f30eee5d6691ccb1a72e944','1937631027629263e5adfd91.65117401',''),(1522,'fzdqye','de9f67895e09936445d36174c635d978','783404670629263e5ae9490.79380425',''),(1523,'ewlbkj','ba5abdf95f71aefe3814eb5c0c1c66fe','189313616629263e5af08f3.05430537',''),(1524,'hntkxf','e416fad4d348b1c23c306a777d72f663','1217565222629263e5afa113.81604600',''),(1525,'zfdtoh','7860722d4559abe5c88359ae9ebfd4d6','1213604565629263e5b00da2.15007498',''),(1526,'soielr','8bba1bb00d83ba48c6a2fdef0fd8a823','1120668378629263e5b19ce5.23300865',''),(1527,'rszaou','858c68009b3210c47738f74c7b193a3f','699859852629263e5b252a8.41135625',''),(1528,'vwedcp','cb061c974385a4405491d638b0b4c2e4','412033565629263e5b33a04.46554507',''),(1529,'lskcpd','27edb7b25f60bd9d7fc8f053d092909b','572794582629263e5b41762.13660077',''),(1530,'szgqur','7a66496d9fc1d35de7f8b43738f79b37','1606257852629263e5b4f399.78659338',''),(1531,'qmhupc','b6444ada18d81a701aef17a48bce94b7','1840668540629263e5b58361.93880636',''),(1532,'vdpuqs','2b65b399bcf0cae5938dcb13da72e72a','1043143617629263e5b5fee3.02155632',''),(1533,'rzcawk','bca7e4932e72aea6cc3f4edb248e5f7c','1458681785629263e5b69c26.32762935',''),(1534,'doghca','ff3ebc557fe960963f8050f5b80f5811','1253478780629263e5b75091.13456084',''),(1535,'xzjkvb','0feca06270d13d1773b2495a8d65c6c8','380526232629263e5b7d983.19419623',''),(1536,'kcogqp','31685caf8de8aaf6de7331bc58dd185c','2034817914629263e5b86de9.74993208',''),(1537,'iavkml','4dc8452a7486e49e28769622a9e2fdf7','805090707629263e5b8d824.09088058',''),(1538,'rxmtfl','5cfdc5b4577d035aa0250d4cc65b29bb','881717197629263e5b96664.38821000',''),(1539,'vjurbz','6292f3e90728c59a92e5ef5e1135f26a','682418618629263e5b9cb33.06563904',''),(1540,'ebfhwc','d698e1661606a1611c7571656f68631b','1087492969629263e5ba60a6.44911059',''),(1541,'savuor','934a14c43fe82d297d452d213432ae47','205381761629263e5baf6c8.15240062',''),(1542,'ofhriz','a00ea3ea19a32214dea4363e5f32f17f','2005955343629263e5bb9c28.16079256',''),(1543,'tukmhb','d8fc08e8424498ea1991315704427a44','1287454734629263e5bc4306.59971367',''),(1544,'ojbdgt','f6b051db6a73bbd58e66311206345d5d','1153783755629263e5bcb294.23568590',''),(1545,'vmgdfh','bf5b437b2bac6cd337acdafd285ca7af','1465584806629263e5bd89a2.92678699',''),(1546,'vpkabc','d803bdc6b02558f5473b01026c113b53','1302171262629263e5be1346.19564803',''),(1547,'bromax','ef1cbebf4bfab6f8d1680c62ddc15401','1675374187629263e5be9e37.89249219',''),(1548,'ezpaju','676d4a0ff13e05a1781b04e66b765e22','555041954629263e5bf5f75.71179895',''),(1549,'bstwih','501185cbc33b19cc213a2f00b36f3177','1015530261629263e5bfcf06.98841621',''),(1550,'zxavwi','e05fbd9b41d04c53a3655e5aa3221f09','1924926617629263e5c05f28.81581611',''),(1551,'gstzyf','15b45b3577e49030296bc3d9c35a2080','284742261629263e5c0c410.30739753',''),(1552,'wqdtcz','5d7bf68ba92fccec1a84f2d1032f8743','2018968592629263e5c151e9.21940373',''),(1553,'mwrvzh','b701b37a0c2e3f716543617fe2255451','505618633629263e5c1d446.21993832',''),(1554,'snzcwo','63ce2c2bd0182e4f181e3b3198329e4c','1356560619629263e5c26146.75160296',''),(1555,'pqlozg','b8a1188ad819c35934c9573c3a4a7587','83668994629263e5c2df65.07193518',''),(1556,'zkanbd','fec87f2246fdbc85e16ef7c9fceeac39','253139266629263e5c370b8.28606689',''),(1557,'ucqrtx','dc99304c19c3e974ba9b0acc86f8fd06','1637830827629263e5c40276.03365556',''),(1558,'phisuw','d9e56ff72db68853c0319af51da5e6de','1555704081629263e5c46899.94038562',''),(1559,'emvstk','70b0d4f9a9330e294c525a3170699238','1637889039629263e5c4fa25.28534861',''),(1560,'gajyrx','28853fbd7fa45ff7d49ef72a4f2145a8','1676777165629263e5c5aa54.61286012',''),(1561,'nisqtl','4b59b5b57f9e2840a28ef2a270d97de0','1445631044629263e5c63c24.51976346',''),(1562,'qnzywp','125e01202c811910919ae6579637bbf7','982974046629263e5c6a751.23095189',''),(1563,'nycifa','6828541248ac1e7632402754f8b47ed7','2022011065629263e5c76a20.32519590',''),(1564,'dhqtgy','136bba26eedd5c98761796f1b03890d2','1222834951629263e5c809b2.65732700',''),(1565,'kyuocq','05c29ca14fd0ecd27d6a1c7999b26c69','1402386123629263e5c87728.49966163',''),(1566,'czumqi','c206d09753352641cc0cfa3ac13c1cda','247804621629263e5c95196.49847357',''),(1567,'ufwszj','10c8421017cc5a7574877de39dda4bb0','52695564629263e5c9d883.02698285',''),(1568,'cwqrlb','68da718282ac9a5e7966068312956ad7','1518801837629263e5ca53f2.16016382',''),(1569,'yrudvw','e8c07320aa6081476330465b509518d9','1585308746629263e5cad6d7.41957084',''),(1570,'odebgs','ead8348cecf9a134c946a07121378663','749470434629263e5cb3e94.76281852',''),(1571,'jxkzso','8533a04ec01bf4fc40e708769a8425b1','2133032878629263e5cbcd13.27906163',''),(1572,'cidhvo','9c377c343d9bd84f6f02cb1ceaeb2e18','590849171629263e5cc3796.07811898',''),(1573,'mjaklt','84d0dd6ae65690f1934672e9c5c9d1f1','1029425872629263e5cd2d07.34775467',''),(1574,'aybkwn','069011e36942d4f1f05a796c546dda90','451241788629263e5cdbdf5.83457491',''),(1575,'jsqcmw','eef8b445902516a2ce385932d467443e','274489704629263e5ce69f0.64411214',''),(1576,'dhkaqs','479c699e6ec084cadf2a052a4c23ee71','2135707049629263e5cf1e38.11847081',''),(1577,'dfaqrm','cfebd68a2f1e613363ad5e0483c92f27','566026839629263e5cfdd73.15425401',''),(1578,'djckgo','90576ae88452d3b4a22ea8d8edc82086','2038788807629263e5d05b25.30688990',''),(1579,'nctkmw','1ba4428416277ff0c18df46554256fe6','1447155407629263e5d0f339.14576131',''),(1580,'lajszt','367f7db5766799f80aa8223162e7b3d6','927046803629263e5d16425.32949549',''),(1581,'ksqmch','5331d1ee9746dc54ee87b5e05940b07a','551390733629263e5d1f1f2.89739537',''),(1582,'niqufa','096d128565f7d5f96cd21aba01ae0c2e','1365378764629263e5d25675.34803112',''),(1583,'ufnsbc','acbbbd05db7cdda5d6b800e1554ff309','580134455629263e5d2ebe4.38498760',''),(1584,'lmwiat','6ffc84c7371f5d015bdcbcb9e45df32e','2099351126629263e5d371a3.15170865',''),(1585,'wkmtaz','b63d3494adc70b9921555323f0b03254','1278364154629263e5d40bf7.77313113',''),(1586,'kszrlu','769f818977371a4b874b167d2b3dfb5c','1915940724629263e5d4af70.86940566',''),(1587,'aokcnj','76af1423d6c06f93d64c7c5050621779','1770683420629263e5d513a8.07745320',''),(1588,'nbyzjm','9c14c2aab82a1de2d54d35f6838f1f07','1170805853629263e5d59bb6.12180767',''),(1589,'rmkoxb','afff5dc1970988d89b01421daa6c0905','1806683513629263e5d61ac2.55573541',''),(1590,'sanlmk','581bc6dd5d782e401ca754ab80a176b7','962114095629263e5d6fa68.83039063',''),(1591,'qehusz','256e8b08aa5a8db3143ea5ffac7f6a94','1980835059629263e5d7aba7.78375564',''),(1592,'bokrha','c16b9165d0747a2fc29ec14efa936631','666087553629263e5d81f31.91725468',''),(1593,'sqhxzi','00e45ba94b64b3adbec531487485dae3','1906242908629263e5d8abf7.43214270',''),(1594,'etpika','27d8dbdcc016f91d15da7f899d97df3f','1389137484629263e5d92700.47998900',''),(1595,'tigluv','ac456371995146336def61e7a6c44a9d','128697427629263e5d9bca1.36549389',''),(1596,'hclqmg','aed83fc9a73c59317fa2f8a4c245506c','1745286729629263e5da3a79.99595764',''),(1597,'gswnye','160edbc21020ddc7132113f5a7d3e759','630248610629263e5dac800.33078460',''),(1598,'ysnhea','8091d4319a1025dd7223a9fef3653773','1750733311629263e5db5c75.44499828',''),(1599,'yzcjpo','aa6a9feb40720fa12bcda2a8e94c9a9b','18395911629263e5dbf780.73827377',''),(1600,'hzfguv','fd9a5e39d351bec36246d4a0f752e2dc','1952045369629263e5dc9f39.11818377',''),(1601,'jkpdzx','a95c85e82195919a0bb27fb10dacb321','121298355629263e5dd0e56.67578934','');
/*!40000 ALTER TABLE `user` ENABLE KEYS */;
UNLOCK TABLES;
/*!40103 SET TIME_ZONE=@OLD_TIME_ZONE */;

/*!40101 SET SQL_MODE=@OLD_SQL_MODE */;
/*!40014 SET FOREIGN_KEY_CHECKS=@OLD_FOREIGN_KEY_CHECKS */;
/*!40014 SET UNIQUE_CHECKS=@OLD_UNIQUE_CHECKS */;
/*!40101 SET CHARACTER_SET_CLIENT=@OLD_CHARACTER_SET_CLIENT */;
/*!40101 SET CHARACTER_SET_RESULTS=@OLD_CHARACTER_SET_RESULTS */;
/*!40101 SET COLLATION_CONNECTION=@OLD_COLLATION_CONNECTION */;
/*!40111 SET SQL_NOTES=@OLD_SQL_NOTES */;

-- Dump completed on 2022-05-29 22:27:32
